China 46.6 % , Italy 8.8 % , France 8.1 % , Cote dIvoire <number>5.1</number> % , Spain 4.6 % , <location>Japan</location> 4.5 % , Belgium 4.3 % , Netherlands 4 % -LRB- 2011 -RRB-	Japan	Japan	prevalence_of_undernourisment	5.0	1	[u'LOCATION_SLOT~-appos+PERCENT~appos+divoire~amod+*extend*LOCATION~appos+PERCENT~number+NUMBER_SLOT']	5.1	0.02	htmlPages2textPARSEDALL/http:||archive.gfmag.com|gdp-data-country-reports|222-mauritania-gdp-country-report.html.json
China 46.6 % , Italy 8.8 % , France 8.1 % , Cote dIvoire <number><number>5.1</number></number> % , <location>Spain</location> 4.6 % , <location>Japan</location> 4.5 % , Belgium 4.3 % , Netherlands 4 % -LRB- 2011 -RRB-	Spain	Spain	prevalence_of_undernourisment	5.0	1	[u'LOCATION_SLOT~-appos+PERCENT~appos+divoire~amod+*extend*LOCATION~appos+PERCENT~number+NUMBER_SLOT']	5.1	0.02	htmlPages2textPARSEDALL/http:||archive.gfmag.com|gdp-data-country-reports|222-mauritania-gdp-country-report.html.json
China 46.6 % , Italy 8.8 % , France 8.1 % , Cote dIvoire <number><number><number>5.1</number></number></number> % , <location>Spain</location> 4.6 % , <location>Japan</location> 4.5 % , <location>Belgium</location> 4.3 % , Netherlands 4 % -LRB- 2011 -RRB-	Belgium	Belgium	prevalence_of_undernourisment	5.0	1	[u'LOCATION_SLOT~-appos+PERCENT~appos+divoire~amod+*extend*LOCATION~appos+PERCENT~number+NUMBER_SLOT']	5.1	0.02	htmlPages2textPARSEDALL/http:||archive.gfmag.com|gdp-data-country-reports|222-mauritania-gdp-country-report.html.json
South Africa 29.9 % , US 15.7 % , Spain 7.6 % , Cote dIvoire <number>4.9</number> % , Germany 4.2 % , <location>Japan</location> 4.1 % , China 4 % -LRB- 2011 -RRB-	Japan	Japan	prevalence_of_undernourisment	5.0	1	[u'LOCATION_SLOT~-appos+PERCENT~appos+divoire~amod+*extend*LOCATION~appos+PERCENT~number+NUMBER_SLOT']	4.9	0.02	htmlPages2textPARSEDALL/http:||archive.gfmag.com|gdp-data-country-reports|233-liberia-gdp-country-report.html.json
South Africa 29.9 % , <location>US</location> 15.7 % , Spain 7.6 % , Cote dIvoire <number><number>4.9</number></number> % , Germany 4.2 % , <location>Japan</location> 4.1 % , China 4 % -LRB- 2011 -RRB-	US	United States of America	prevalence_of_undernourisment	5.0	1	[u'LOCATION_SLOT~-appos+PERCENT~appos+divoire~amod+*extend*LOCATION~appos+PERCENT~number+NUMBER_SLOT']	4.9	0.02	htmlPages2textPARSEDALL/http:||archive.gfmag.com|gdp-data-country-reports|233-liberia-gdp-country-report.html.json
South Africa 29.9 % , <location>US</location> 15.7 % , Spain 7.6 % , Cote dIvoire <number><number><number>4.9</number></number></number> % , <location>Germany</location> 4.2 % , <location>Japan</location> 4.1 % , China 4 % -LRB- 2011 -RRB-	Germany	Germany	prevalence_of_undernourisment	5.0	1	[u'LOCATION_SLOT~-appos+PERCENT~appos+divoire~amod+*extend*LOCATION~appos+PERCENT~number+NUMBER_SLOT']	4.9	0.02	htmlPages2textPARSEDALL/http:||archive.gfmag.com|gdp-data-country-reports|233-liberia-gdp-country-report.html.json
US 11.9 % , <location>India</location> 10 % , China 9.3 % , Saudi Arabia <number>8</number> % , South Korea 6.3 % , Japan 5.9 % , Germany 4.8 % , UAE 4.1 % -LRB- 2011 -RRB-	India	India	prevalence_of_undernourisment	17.5	2	[u'LOCATION_SLOT,"PERCENT","PERCENT",",","LOCATION","PERCENT","PERCENT",",","saudi","arabia",NUMBER_SLOT', u'LOCATION_SLOT,"PERCENT","PERCENT",",","LOCATION","PERCENT","PERCENT",",","saudi","arabia",NUMBER_SLOT,"PERCENT"']	8.0	0.542857142857	htmlPages2textPARSEDALL/http:||archive.gfmag.com|gdp-data-country-reports|239-kuwait-gdp-country-report.html.json
Cameroon 16.9 % , France 15.7 % , China 10.7 % , <location>Finland</location> 6.5 % , Sweden 6 % , Saudi Arabia <number>5</number> % , Belgium 4.4 % -LRB- 2011 -RRB-	Finland	Finland	prevalence_of_undernourisment	5.0	2	[u'LOCATION_SLOT,"PERCENT","PERCENT",",","LOCATION","PERCENT","PERCENT",",","saudi","arabia",NUMBER_SLOT', u'LOCATION_SLOT,"PERCENT","PERCENT",",","LOCATION","PERCENT","PERCENT",",","saudi","arabia",NUMBER_SLOT,"PERCENT"']	5.0	0.0	htmlPages2textPARSEDALL/http:||archive.gfmag.com|gdp-data-country-reports|301-chad-gdp-country-report.html.json
China 48.6 % , Italy 7.5 % , Japan 7 % , Cote dIvoire <number>6.7</number> % , France 4.7 % , <location>Spain</location> 4.1 % -LRB- 2012 -RRB-	Spain	Spain	prevalence_of_undernourisment	5.0	1	[u'LOCATION_SLOT~-appos+PERCENT~appos+divoire~amod+*extend*LOCATION~appos+PERCENT~number+NUMBER_SLOT']	6.7	0.34	htmlPages2textPARSEDALL/http:||archive.today|fJyDM.json
China 48.6 % , Italy 7.5 % , Japan 7 % , Cote dIvoire <number><number>6.7</number></number> % , <location>France</location> 4.7 % , <location>Spain</location> 4.1 % -LRB- 2012 -RRB-	France	France	prevalence_of_undernourisment	5.0	1	[u'LOCATION_SLOT~-appos+PERCENT~appos+divoire~amod+*extend*LOCATION~appos+PERCENT~number+NUMBER_SLOT']	6.7	0.34	htmlPages2textPARSEDALL/http:||archive.today|fJyDM.json
Exports - partners : Netherlands 59.7 % , <location>South Africa</location> 15.2 % , Zimbabwe <number>3.2</number> % -LRB- 2006 -RRB-	South Africa	South Africa	prevalence_of_undernourisment	5.0	1	[u'LOCATION_SLOT~-appos+netherlands~appos+LOCATION~dep+PERCENT~num+NUMBER_SLOT']	3.2	0.36	htmlPages2textPARSEDALL/http:||countrystudies.net|Mozambique.json
partners : <location>Ethiopia</location> 67 % , Sudan 10 % , Saudi Arabia <number>4</number> % , US 3 % , Italy , Yemen -LRB- 1996 -RRB-	Ethiopia	Ethiopia	prevalence_of_undernourisment	40.2	2	[u'LOCATION_SLOT,"PERCENT","PERCENT",",","LOCATION","PERCENT","PERCENT",",","saudi","arabia",NUMBER_SLOT', u'LOCATION_SLOT,"PERCENT","PERCENT",",","LOCATION","PERCENT","PERCENT",",","saudi","arabia",NUMBER_SLOT,"PERCENT"']	4.0	0.900497512438	htmlPages2textPARSEDALL/http:||cultureconnect.com|facts|er.htm.json
Imports - partners : <location>South Africa</location> 55 % , Zimbabwe 7 % , Saudi Arabia <number>5</number> % , Portugal 4 % , United States , Japan , India -LRB- 1996 est. -RRB-	South Africa	South Africa	prevalence_of_undernourisment	5.0	2	[u'LOCATION_SLOT,"PERCENT","PERCENT",",","LOCATION","PERCENT","PERCENT",",","saudi","arabia",NUMBER_SLOT', u'LOCATION_SLOT,"PERCENT","PERCENT",",","LOCATION","PERCENT","PERCENT",",","saudi","arabia",NUMBER_SLOT,"PERCENT"']	5.0	0.0	htmlPages2textPARSEDALL/http:||encyclopedia.kids.net.au|page|ec|Economy_of_Mozambique.json
Imports - partners : France 13 % , <location>Ethiopia</location> 12 % , Italy 9 % , Saudi Arabia <number>6</number> % , UK 6 % -LRB- 1998 -RRB-	Ethiopia	Ethiopia	prevalence_of_undernourisment	40.2	2	[u'LOCATION_SLOT,"PERCENT","PERCENT",",","LOCATION","PERCENT","PERCENT",",","saudi","arabia",NUMBER_SLOT', u'LOCATION_SLOT,"PERCENT","PERCENT",",","LOCATION","PERCENT","PERCENT",",","saudi","arabia",NUMBER_SLOT,"PERCENT"']	6.0	0.850746268657	htmlPages2textPARSEDALL/http:||english.turkcebilgi.com|Economy+of+Djibouti.json
<location>South Africa</location> 55 % , Zimbabwe 7 % , Saudi Arabia <number>5</number> % , Portugal 4 % , United States , Japan , India -LRB- 1996 est. -RRB-	South Africa	South Africa	prevalence_of_undernourisment	5.0	2	[u'LOCATION_SLOT,"PERCENT","PERCENT",",","LOCATION","PERCENT","PERCENT",",","saudi","arabia",NUMBER_SLOT', u'LOCATION_SLOT,"PERCENT","PERCENT",",","LOCATION","PERCENT","PERCENT",",","saudi","arabia",NUMBER_SLOT,"PERCENT"']	5.0	0.0	htmlPages2textPARSEDALL/http:||english.turkcebilgi.com|Economy+of+Mozambique.json
Origin of direct foreign investment 1996-2005 â $ `` the Netherlands 24.3 % ; Germany 19.4 % , Austria <number>14.1</number> % ; Italy 7.5 % , <location>United States</location> -LRB- 8th largest investor -RRB- 4.0 % .	United States	United States of America	prevalence_of_undernourisment	5.0	1	[u'LOCATION_SLOT~-appos+netherlands~appos+LOCATION~dep+PERCENT~num+NUMBER_SLOT']	14.1	1.82	htmlPages2textPARSEDALL/http:||english.turkcebilgi.com|Economy+of+Slovakia.json
Inflation - Consumer Prices -LRB- annual % -RRB- In <location>Saudi Arabia</location> Â - Â Inflation ; consumer prices -LRB- annual % -RRB- in Saudi Arabia was last measured at <number>5.01</number> in 2011 .	Saudi Arabia	Saudi Arabia	prevalence_of_undernourisment	5.0	4	[u'LOCATION_SLOT~-nn+*extend*LOCATION~nn+\xe2~-prep_in+%~-dep+prices~dep+measured~prep_at+NUMBER_SLOT', u'LOCATION_SLOT~-nn+*extend*consumer~nn+\xe2~-prep_in+%~-dep+prices~dep+measured~prep_at+NUMBER_SLOT', u'*extend*LOCATION~nn+LOCATION_SLOT~-nn+\xe2~-prep_in+%~-dep+prices~dep+measured~prep_at+NUMBER_SLOT', u'LOCATION_SLOT~-nn+*extend*consumer~nn+\xe2~-prep_in+%~-dep+prices~dep+measured~prep_at+NUMBER_SLOT']	5.01	0.002	htmlPages2textPARSEDALL/http:||ieconomics.com|consumer-price-index-(cpi)-saudi-arabia-united-kingdom.json
Inflation - Consumer Prices -LRB- annual % -RRB- In <location>Saudi Arabia</location> Â - Â Inflation ; consumer prices -LRB- annual % -RRB- in Saudi Arabia was last measured at <number>5.01</number> in 2011 .	Saudi Arabia	Saudi Arabia	prevalence_of_undernourisment	5.0	6	[u'LOCATION_SLOT~-nn+*extend*LOCATION~nn+\xe2~-prep_in+%~-dep+prices~dep+measured~prep_at+NUMBER_SLOT', u'LOCATION_SLOT~-nn+\xe2~-prep_in+%~-dep+*extend*inflation~dep+prices~dep+measured~prep_at+NUMBER_SLOT', u'LOCATION_SLOT~-nn+*extend*consumer~nn+\xe2~-prep_in+%~-dep+prices~dep+measured~prep_at+NUMBER_SLOT', u'*extend*LOCATION~nn+LOCATION_SLOT~-nn+\xe2~-prep_in+%~-dep+prices~dep+measured~prep_at+NUMBER_SLOT', u'LOCATION_SLOT~-nn+\xe2~-prep_in+%~-dep+*extend*inflation~dep+prices~dep+measured~prep_at+NUMBER_SLOT', u'LOCATION_SLOT~-nn+*extend*consumer~nn+\xe2~-prep_in+%~-dep+prices~dep+measured~prep_at+NUMBER_SLOT']	5.01	0.002	htmlPages2textPARSEDALL/http:||ieconomics.com|inflation-rate-saudi-arabia-australia.json
Inflation - Consumer Prices -LRB- annual % -RRB- In <location>Saudi Arabia</location> Â - Â Inflation ; consumer prices -LRB- annual % -RRB- in Saudi Arabia was last measured at <number>5.01</number> in 2011 .	Saudi Arabia	Saudi Arabia	prevalence_of_undernourisment	5.0	6	[u'LOCATION_SLOT~-nn+*extend*LOCATION~nn+\xe2~-prep_in+%~-dep+prices~dep+measured~prep_at+NUMBER_SLOT', u'LOCATION_SLOT~-nn+\xe2~-prep_in+%~-dep+*extend*inflation~dep+prices~dep+measured~prep_at+NUMBER_SLOT', u'LOCATION_SLOT~-nn+*extend*consumer~nn+\xe2~-prep_in+%~-dep+prices~dep+measured~prep_at+NUMBER_SLOT', u'*extend*LOCATION~nn+LOCATION_SLOT~-nn+\xe2~-prep_in+%~-dep+prices~dep+measured~prep_at+NUMBER_SLOT', u'LOCATION_SLOT~-nn+\xe2~-prep_in+%~-dep+*extend*inflation~dep+prices~dep+measured~prep_at+NUMBER_SLOT', u'LOCATION_SLOT~-nn+*extend*consumer~nn+\xe2~-prep_in+%~-dep+prices~dep+measured~prep_at+NUMBER_SLOT']	5.01	0.002	htmlPages2textPARSEDALL/http:||ieconomics.com|inflation-rate-saudi-arabia-united-kingdom.json
Inflation - Consumer Prices -LRB- annual % -RRB- In <location>South Africa</location> Â - Â Inflation ; consumer prices -LRB- annual % -RRB- in South Africa was last measured at <number>5</number> in 2011 .	South Africa	South Africa	prevalence_of_undernourisment	5.0	6	[u'LOCATION_SLOT~-nn+*extend*LOCATION~nn+\xe2~-prep_in+%~-dep+prices~dep+measured~prep_at+NUMBER_SLOT', u'LOCATION_SLOT~-nn+\xe2~-prep_in+%~-dep+*extend*inflation~dep+prices~dep+measured~prep_at+NUMBER_SLOT', u'LOCATION_SLOT~-nn+*extend*consumer~nn+\xe2~-prep_in+%~-dep+prices~dep+measured~prep_at+NUMBER_SLOT', u'*extend*LOCATION~nn+LOCATION_SLOT~-nn+\xe2~-prep_in+%~-dep+prices~dep+measured~prep_at+NUMBER_SLOT', u'LOCATION_SLOT~-nn+\xe2~-prep_in+%~-dep+*extend*inflation~dep+prices~dep+measured~prep_at+NUMBER_SLOT', u'LOCATION_SLOT~-nn+*extend*consumer~nn+\xe2~-prep_in+%~-dep+prices~dep+measured~prep_at+NUMBER_SLOT']	5.0	0.0	htmlPages2textPARSEDALL/http:||ieconomics.com|south-africa-consumer-price-index-(cpi).json
Inflation - Consumer Prices -LRB- annual % -RRB- In <location>South Africa</location> Â - Â Inflation ; consumer prices -LRB- annual % -RRB- in South Africa was last measured at <number>5</number> in 2011 .	South Africa	South Africa	prevalence_of_undernourisment	5.0	6	[u'LOCATION_SLOT~-nn+*extend*LOCATION~nn+\xe2~-prep_in+%~-dep+prices~dep+measured~prep_at+NUMBER_SLOT', u'LOCATION_SLOT~-nn+\xe2~-prep_in+%~-dep+*extend*inflation~dep+prices~dep+measured~prep_at+NUMBER_SLOT', u'LOCATION_SLOT~-nn+*extend*consumer~nn+\xe2~-prep_in+%~-dep+prices~dep+measured~prep_at+NUMBER_SLOT', u'*extend*LOCATION~nn+LOCATION_SLOT~-nn+\xe2~-prep_in+%~-dep+prices~dep+measured~prep_at+NUMBER_SLOT', u'LOCATION_SLOT~-nn+\xe2~-prep_in+%~-dep+*extend*inflation~dep+prices~dep+measured~prep_at+NUMBER_SLOT', u'LOCATION_SLOT~-nn+*extend*consumer~nn+\xe2~-prep_in+%~-dep+prices~dep+measured~prep_at+NUMBER_SLOT']	5.0	0.0	htmlPages2textPARSEDALL/http:||ieconomics.com|south-africa-inflation-rate-forecast.json
Inflation - Consumer Prices -LRB- annual % -RRB- In <location>South Africa</location> Â - Â Inflation ; consumer prices -LRB- annual % -RRB- in South Africa was last measured at <number>5</number> in 2011 .	South Africa	South Africa	prevalence_of_undernourisment	5.0	6	[u'LOCATION_SLOT~-nn+*extend*LOCATION~nn+\xe2~-prep_in+%~-dep+prices~dep+measured~prep_at+NUMBER_SLOT', u'LOCATION_SLOT~-nn+\xe2~-prep_in+%~-dep+*extend*inflation~dep+prices~dep+measured~prep_at+NUMBER_SLOT', u'LOCATION_SLOT~-nn+*extend*consumer~nn+\xe2~-prep_in+%~-dep+prices~dep+measured~prep_at+NUMBER_SLOT', u'*extend*LOCATION~nn+LOCATION_SLOT~-nn+\xe2~-prep_in+%~-dep+prices~dep+measured~prep_at+NUMBER_SLOT', u'LOCATION_SLOT~-nn+\xe2~-prep_in+%~-dep+*extend*inflation~dep+prices~dep+measured~prep_at+NUMBER_SLOT', u'LOCATION_SLOT~-nn+*extend*consumer~nn+\xe2~-prep_in+%~-dep+prices~dep+measured~prep_at+NUMBER_SLOT']	5.0	0.0	htmlPages2textPARSEDALL/http:||ieconomics.com|south-africa-inflation-rate-mom.json
Imports - partners : France 20 % , <location>US</location> 14 % , UK 8 % , Saudi Arabia <number>7</number> % , Japan 5 % -LRB- 1999 -RRB-	US	United States of America	prevalence_of_undernourisment	5.0	2	[u'LOCATION_SLOT,"PERCENT","PERCENT",",","LOCATION","PERCENT","PERCENT",",","saudi","arabia",NUMBER_SLOT', u'LOCATION_SLOT,"PERCENT","PERCENT",",","LOCATION","PERCENT","PERCENT",",","saudi","arabia",NUMBER_SLOT,"PERCENT"']	7.0	0.4	htmlPages2textPARSEDALL/http:||motherearthtravel.com|bahrain|economy.htm.json
Partners : Ã Â Spain 18.4 % , China 17.4 % , <location>US</location> 11.1 % , France 8 % , Italy 5.9 % , Cote dIvoire <number>5.3</number> % , Brazil 4.4 %	US	United States of America	prevalence_of_undernourisment	5.0	1	[u'LOCATION_SLOT~-appos+PERCENT~appos+divoire~amod+*extend*LOCATION~appos+PERCENT~number+NUMBER_SLOT']	5.3	0.06	htmlPages2textPARSEDALL/http:||munguide.wordpress.com|2014|06|10|country-profile-equatorial-guinea|.json
Portugal 40.3 % , <location>Netherlands</location> 10.9 % , France 6.5 % , Spain 5.6 % , Cote d'Ivoire <number>4.9</number> % , Italy 4.7 % , Brazil 4.5 % -LRB- 2006 -RRB-	Netherlands	Netherlands	prevalence_of_undernourisment	5.0	1	[u"LOCATION_SLOT~-appos+PERCENT~appos+*extend*LOCATION~appos+LOCATION~appos+d'ivoire~amod+PERCENT~number+NUMBER_SLOT"]	4.9	0.02	htmlPages2textPARSEDALL/http:||tkoh.org|TKOH_Foundation|world|C1|cape_verde.htm.json
France 13 % , <location>Ethiopia</location> 12 % , Italy 9 % , Saudi Arabia <number>6</number> % , UK 6 % -LRB- 1998 -RRB-	Ethiopia	Ethiopia	prevalence_of_undernourisment	40.2	2	[u'LOCATION_SLOT,"PERCENT","PERCENT",",","LOCATION","PERCENT","PERCENT",",","saudi","arabia",NUMBER_SLOT', u'LOCATION_SLOT,"PERCENT","PERCENT",",","LOCATION","PERCENT","PERCENT",",","saudi","arabia",NUMBER_SLOT,"PERCENT"']	6.0	0.850746268657	htmlPages2textPARSEDALL/http:||www.1uptravel.com|international|africa|djibouti|economy.html.json
Portugal 40.7 % , <location>Netherlands</location> 10.9 % , France 6.5 % , Spain 5.6 % , Cote d'Ivoire <number>4.9</number> % , Brazil 4.7 % , Italy 4.7 % -LRB- 2007 -RRB-	Netherlands	Netherlands	prevalence_of_undernourisment	5.0	1	[u"LOCATION_SLOT~-appos+PERCENT~appos+*extend*LOCATION~appos+LOCATION~appos+d'ivoire~amod+PERCENT~number+NUMBER_SLOT"]	4.9	0.02	htmlPages2textPARSEDALL/http:||www.exchangerate.com|country-information|cape-verde.html.json
Major suppliers -- U.S. 13 % , Japan 11 % , <location>Germany</location> 9 % , U.K. 6 % , Saudi Arabia <number>6</number> % .	Germany	Germany	prevalence_of_undernourisment	5.0	2	[u'LOCATION_SLOT,"PERCENT","PERCENT",",","LOCATION","PERCENT","PERCENT",",","saudi","arabia",NUMBER_SLOT', u'LOCATION_SLOT,"PERCENT","PERCENT",",","LOCATION","PERCENT","PERCENT",",","saudi","arabia",NUMBER_SLOT,"PERCENT"']	6.0	0.2	htmlPages2textPARSEDALL/http:||www.factrover.com|economy|Kuwait_economy.html.json
Based on FAOâ $ s most recent estimates , the prevalence of undernourishment in <location>Angola</location> has dropped from 63.9 % in 1990-92 , to <number>27.4</number> % in 2010-12 and thus the country has achieved the MDG-1 hunger target .	Angola	Angola	prevalence_of_undernourisment	27.4	14	[u'LOCATION_SLOT~-prep_in+undernourishment~-prep_of+prevalence~-nsubj+dropped~prep_from+PERCENT~prep+to~pobj+PERCENT~num+NUMBER_SLOT', u'LOCATION_SLOT~-prep_in+*extend*the~det+undernourishment~-prep_of+prevalence~-nsubj+dropped~prep_from+PERCENT~prep+to~pobj+PERCENT~num+NUMBER_SLOT', u'*extend*on~prepc_based_on+LOCATION_SLOT~-prep_in+undernourishment~-prep_of+prevalence~-nsubj+dropped~prep_from+PERCENT~prep+to~pobj+PERCENT~num+NUMBER_SLOT', u'LOCATION_SLOT~-prep_in+undernourishment~-prep_of+prevalence~-nsubj+dropped~prep_from+*extend*has~aux+PERCENT~prep+to~pobj+PERCENT~num+NUMBER_SLOT', u'LOCATION_SLOT~-prep_in+*extend*PERCENT~num+undernourishment~-prep_of+prevalence~-nsubj+dropped~prep_from+PERCENT~prep+to~pobj+PERCENT~num+NUMBER_SLOT', u'LOCATION_SLOT~-prep_in+undernourishment~-prep_of+*extend*thus~conj_and+prevalence~-nsubj+dropped~prep_from+PERCENT~prep+to~pobj+PERCENT~num+NUMBER_SLOT', u'LOCATION_SLOT~-prep_in+*extend*DATE~prep_in+undernourishment~-prep_of+prevalence~-nsubj+dropped~prep_from+PERCENT~prep+to~pobj+PERCENT~num+NUMBER_SLOT', u'LOCATION_SLOT,"has","dropped","from","PERCENT","PERCENT","in","NUMBER",",","to",NUMBER_SLOT', u'"in",LOCATION_SLOT,"has","dropped","from","PERCENT","PERCENT","in","NUMBER",",","to",NUMBER_SLOT', u'"undernourishment","in",LOCATION_SLOT,"has","dropped","from","PERCENT","PERCENT","in","NUMBER",",","to",NUMBER_SLOT', u'"of","undernourishment","in",LOCATION_SLOT,"has","dropped","from","PERCENT","PERCENT","in","NUMBER",",","to",NUMBER_SLOT', u'LOCATION_SLOT,"has","dropped","from","PERCENT","PERCENT","in","NUMBER",",","to",NUMBER_SLOT,"PERCENT"', u'LOCATION_SLOT,"has","dropped","from","PERCENT","PERCENT","in","NUMBER",",","to",NUMBER_SLOT,"PERCENT","in"', u'LOCATION_SLOT,"has","dropped","from","PERCENT","PERCENT","in","NUMBER",",","to",NUMBER_SLOT,"PERCENT","in","DATE"']	27.4	0.0	htmlPages2textPARSEDALL/http:||www.fao.org|countryprofiles|news-archive|en|?page=5.json
Based on FAOâ $ s most recent estimates , the prevalence of undernourishment in <location>Benin</location> has dropped from 22.4 % in 1990-92 , to <number>8.1</number> % in 2010-12 and thus the country has achieved the MDG-1 hunger target .	Benin	Benin	prevalence_of_undernourisment	8.1	15	[u'LOCATION_SLOT~-prep_in+undernourishment~-prep_of+prevalence~-nsubj+dropped~prep_from+PERCENT~prep+to~pobj+PERCENT~num+NUMBER_SLOT', u'LOCATION_SLOT~-prep_in+*extend*the~det+undernourishment~-prep_of+prevalence~-nsubj+dropped~prep_from+PERCENT~prep+to~pobj+PERCENT~num+NUMBER_SLOT', u'*extend*on~prepc_based_on+LOCATION_SLOT~-prep_in+undernourishment~-prep_of+prevalence~-nsubj+dropped~prep_from+PERCENT~prep+to~pobj+PERCENT~num+NUMBER_SLOT', u'LOCATION_SLOT~-prep_in+undernourishment~-prep_of+prevalence~-nsubj+dropped~prep_from+*extend*has~aux+PERCENT~prep+to~pobj+PERCENT~num+NUMBER_SLOT', u'LOCATION_SLOT~-prep_in+*extend*PERCENT~num+undernourishment~-prep_of+prevalence~-nsubj+dropped~prep_from+PERCENT~prep+to~pobj+PERCENT~num+NUMBER_SLOT', u'LOCATION_SLOT~-prep_in+undernourishment~-prep_of+*extend*thus~conj_and+prevalence~-nsubj+dropped~prep_from+PERCENT~prep+to~pobj+PERCENT~num+NUMBER_SLOT', u'LOCATION_SLOT~-prep_in+undernourishment~-prep_of+prevalence~-nsubj+*extend*achieved~dep+dropped~prep_from+PERCENT~prep+to~pobj+PERCENT~num+NUMBER_SLOT', u'LOCATION_SLOT~-prep_in+*extend*DATE~prep_in+undernourishment~-prep_of+prevalence~-nsubj+dropped~prep_from+PERCENT~prep+to~pobj+PERCENT~num+NUMBER_SLOT', u'LOCATION_SLOT,"has","dropped","from","PERCENT","PERCENT","in","NUMBER",",","to",NUMBER_SLOT', u'"in",LOCATION_SLOT,"has","dropped","from","PERCENT","PERCENT","in","NUMBER",",","to",NUMBER_SLOT', u'"undernourishment","in",LOCATION_SLOT,"has","dropped","from","PERCENT","PERCENT","in","NUMBER",",","to",NUMBER_SLOT', u'"of","undernourishment","in",LOCATION_SLOT,"has","dropped","from","PERCENT","PERCENT","in","NUMBER",",","to",NUMBER_SLOT', u'LOCATION_SLOT,"has","dropped","from","PERCENT","PERCENT","in","NUMBER",",","to",NUMBER_SLOT,"PERCENT"', u'LOCATION_SLOT,"has","dropped","from","PERCENT","PERCENT","in","NUMBER",",","to",NUMBER_SLOT,"PERCENT","in"', u'LOCATION_SLOT,"has","dropped","from","PERCENT","PERCENT","in","NUMBER",",","to",NUMBER_SLOT,"PERCENT","in","DATE"']	8.1	0.0	htmlPages2textPARSEDALL/http:||www.fao.org|countryprofiles|news-archive|en|?page=5.json
Based on FAOâ $ s most recent estimates , the prevalence of undernourishment in <location>Cameroon</location> has dropped from 38.7 % in 1990-92 , to <number>15.7</number> % in 2010-12 and thus the country has achieved the MDG-1 hunger target .	Cameroon	Cameroon	prevalence_of_undernourisment	15.7	15	[u'LOCATION_SLOT~-prep_in+undernourishment~-prep_of+prevalence~-nsubj+dropped~prep_from+PERCENT~prep+to~pobj+PERCENT~num+NUMBER_SLOT', u'LOCATION_SLOT~-prep_in+*extend*the~det+undernourishment~-prep_of+prevalence~-nsubj+dropped~prep_from+PERCENT~prep+to~pobj+PERCENT~num+NUMBER_SLOT', u'*extend*on~prepc_based_on+LOCATION_SLOT~-prep_in+undernourishment~-prep_of+prevalence~-nsubj+dropped~prep_from+PERCENT~prep+to~pobj+PERCENT~num+NUMBER_SLOT', u'LOCATION_SLOT~-prep_in+undernourishment~-prep_of+prevalence~-nsubj+dropped~prep_from+*extend*has~aux+PERCENT~prep+to~pobj+PERCENT~num+NUMBER_SLOT', u'LOCATION_SLOT~-prep_in+*extend*PERCENT~num+undernourishment~-prep_of+prevalence~-nsubj+dropped~prep_from+PERCENT~prep+to~pobj+PERCENT~num+NUMBER_SLOT', u'LOCATION_SLOT~-prep_in+undernourishment~-prep_of+*extend*thus~conj_and+prevalence~-nsubj+dropped~prep_from+PERCENT~prep+to~pobj+PERCENT~num+NUMBER_SLOT', u'LOCATION_SLOT~-prep_in+undernourishment~-prep_of+prevalence~-nsubj+*extend*achieved~dep+dropped~prep_from+PERCENT~prep+to~pobj+PERCENT~num+NUMBER_SLOT', u'LOCATION_SLOT~-prep_in+*extend*DATE~prep_in+undernourishment~-prep_of+prevalence~-nsubj+dropped~prep_from+PERCENT~prep+to~pobj+PERCENT~num+NUMBER_SLOT', u'LOCATION_SLOT,"has","dropped","from","PERCENT","PERCENT","in","NUMBER",",","to",NUMBER_SLOT', u'"in",LOCATION_SLOT,"has","dropped","from","PERCENT","PERCENT","in","NUMBER",",","to",NUMBER_SLOT', u'"undernourishment","in",LOCATION_SLOT,"has","dropped","from","PERCENT","PERCENT","in","NUMBER",",","to",NUMBER_SLOT', u'"of","undernourishment","in",LOCATION_SLOT,"has","dropped","from","PERCENT","PERCENT","in","NUMBER",",","to",NUMBER_SLOT', u'LOCATION_SLOT,"has","dropped","from","PERCENT","PERCENT","in","NUMBER",",","to",NUMBER_SLOT,"PERCENT"', u'LOCATION_SLOT,"has","dropped","from","PERCENT","PERCENT","in","NUMBER",",","to",NUMBER_SLOT,"PERCENT","in"', u'LOCATION_SLOT,"has","dropped","from","PERCENT","PERCENT","in","NUMBER",",","to",NUMBER_SLOT,"PERCENT","in","DATE"']	15.7	0.0	htmlPages2textPARSEDALL/http:||www.fao.org|countryprofiles|news-archive|en|?page=5.json
Based on FAOâ $ s most recent estimates , the prevalence of undernourishment in <location>Djibouti</location> has dropped from 68.0 % in 1990-92 , to <number>19.8</number> % in 2010-12 and thus the country has achieved the MDG-1 hunger target .	Djibouti	Djibouti	prevalence_of_undernourisment	19.8	15	[u'LOCATION_SLOT~-prep_in+undernourishment~-prep_of+prevalence~-nsubj+dropped~prep_from+PERCENT~prep+to~pobj+PERCENT~num+NUMBER_SLOT', u'LOCATION_SLOT~-prep_in+*extend*the~det+undernourishment~-prep_of+prevalence~-nsubj+dropped~prep_from+PERCENT~prep+to~pobj+PERCENT~num+NUMBER_SLOT', u'*extend*on~prepc_based_on+LOCATION_SLOT~-prep_in+undernourishment~-prep_of+prevalence~-nsubj+dropped~prep_from+PERCENT~prep+to~pobj+PERCENT~num+NUMBER_SLOT', u'LOCATION_SLOT~-prep_in+undernourishment~-prep_of+prevalence~-nsubj+dropped~prep_from+*extend*has~aux+PERCENT~prep+to~pobj+PERCENT~num+NUMBER_SLOT', u'LOCATION_SLOT~-prep_in+*extend*PERCENT~num+undernourishment~-prep_of+prevalence~-nsubj+dropped~prep_from+PERCENT~prep+to~pobj+PERCENT~num+NUMBER_SLOT', u'LOCATION_SLOT~-prep_in+undernourishment~-prep_of+*extend*thus~conj_and+prevalence~-nsubj+dropped~prep_from+PERCENT~prep+to~pobj+PERCENT~num+NUMBER_SLOT', u'LOCATION_SLOT~-prep_in+undernourishment~-prep_of+prevalence~-nsubj+*extend*achieved~dep+dropped~prep_from+PERCENT~prep+to~pobj+PERCENT~num+NUMBER_SLOT', u'LOCATION_SLOT~-prep_in+*extend*DATE~prep_in+undernourishment~-prep_of+prevalence~-nsubj+dropped~prep_from+PERCENT~prep+to~pobj+PERCENT~num+NUMBER_SLOT', u'LOCATION_SLOT,"has","dropped","from","PERCENT","PERCENT","in","NUMBER",",","to",NUMBER_SLOT', u'"in",LOCATION_SLOT,"has","dropped","from","PERCENT","PERCENT","in","NUMBER",",","to",NUMBER_SLOT', u'"undernourishment","in",LOCATION_SLOT,"has","dropped","from","PERCENT","PERCENT","in","NUMBER",",","to",NUMBER_SLOT', u'"of","undernourishment","in",LOCATION_SLOT,"has","dropped","from","PERCENT","PERCENT","in","NUMBER",",","to",NUMBER_SLOT', u'LOCATION_SLOT,"has","dropped","from","PERCENT","PERCENT","in","NUMBER",",","to",NUMBER_SLOT,"PERCENT"', u'LOCATION_SLOT,"has","dropped","from","PERCENT","PERCENT","in","NUMBER",",","to",NUMBER_SLOT,"PERCENT","in"', u'LOCATION_SLOT,"has","dropped","from","PERCENT","PERCENT","in","NUMBER",",","to",NUMBER_SLOT,"PERCENT","in","DATE"']	19.8	0.0	htmlPages2textPARSEDALL/http:||www.fao.org|countryprofiles|news-archive|en|?page=5.json
Based on FAOâ $ s most recent estimates , the prevalence of undernourishment in <location>Malawi</location> has dropped from 44.8 % in 1990-92 , to <number>23.1</number> % in 2010-12 and thus the country has achieved the MDG-1 hunger target .	Malawi	Malawi	prevalence_of_undernourisment	23.1	14	[u'LOCATION_SLOT~-prep_in+undernourishment~-prep_of+prevalence~-nsubj+dropped~prep_from+PERCENT~prep+to~pobj+PERCENT~num+NUMBER_SLOT', u'LOCATION_SLOT~-prep_in+*extend*the~det+undernourishment~-prep_of+prevalence~-nsubj+dropped~prep_from+PERCENT~prep+to~pobj+PERCENT~num+NUMBER_SLOT', u'*extend*on~prepc_based_on+LOCATION_SLOT~-prep_in+undernourishment~-prep_of+prevalence~-nsubj+dropped~prep_from+PERCENT~prep+to~pobj+PERCENT~num+NUMBER_SLOT', u'LOCATION_SLOT~-prep_in+undernourishment~-prep_of+prevalence~-nsubj+dropped~prep_from+*extend*has~aux+PERCENT~prep+to~pobj+PERCENT~num+NUMBER_SLOT', u'LOCATION_SLOT~-prep_in+*extend*PERCENT~num+undernourishment~-prep_of+prevalence~-nsubj+dropped~prep_from+PERCENT~prep+to~pobj+PERCENT~num+NUMBER_SLOT', u'LOCATION_SLOT~-prep_in+undernourishment~-prep_of+*extend*thus~conj_and+prevalence~-nsubj+dropped~prep_from+PERCENT~prep+to~pobj+PERCENT~num+NUMBER_SLOT', u'LOCATION_SLOT~-prep_in+*extend*DATE~prep_in+undernourishment~-prep_of+prevalence~-nsubj+dropped~prep_from+PERCENT~prep+to~pobj+PERCENT~num+NUMBER_SLOT', u'LOCATION_SLOT,"has","dropped","from","PERCENT","PERCENT","in","NUMBER",",","to",NUMBER_SLOT', u'"in",LOCATION_SLOT,"has","dropped","from","PERCENT","PERCENT","in","NUMBER",",","to",NUMBER_SLOT', u'"undernourishment","in",LOCATION_SLOT,"has","dropped","from","PERCENT","PERCENT","in","NUMBER",",","to",NUMBER_SLOT', u'"of","undernourishment","in",LOCATION_SLOT,"has","dropped","from","PERCENT","PERCENT","in","NUMBER",",","to",NUMBER_SLOT', u'LOCATION_SLOT,"has","dropped","from","PERCENT","PERCENT","in","NUMBER",",","to",NUMBER_SLOT,"PERCENT"', u'LOCATION_SLOT,"has","dropped","from","PERCENT","PERCENT","in","NUMBER",",","to",NUMBER_SLOT,"PERCENT","in"', u'LOCATION_SLOT,"has","dropped","from","PERCENT","PERCENT","in","NUMBER",",","to",NUMBER_SLOT,"PERCENT","in","DATE"']	23.1	0.0	htmlPages2textPARSEDALL/http:||www.fao.org|countryprofiles|news-archive|en|?page=5.json
Based on FAOâ $ s most recent estimates , the prevalence of undernourishment in <location>Niger</location> has dropped from 36.9 % in 1990-92 , to <number>12.6</number> % in 2010-12 and thus the country has achieved the MDG-1 hunger target .	Niger	Niger	prevalence_of_undernourisment	12.6	14	[u'LOCATION_SLOT~-prep_in+undernourishment~-prep_of+prevalence~-nsubj+dropped~prep_from+PERCENT~prep+to~pobj+PERCENT~num+NUMBER_SLOT', u'LOCATION_SLOT~-prep_in+*extend*the~det+undernourishment~-prep_of+prevalence~-nsubj+dropped~prep_from+PERCENT~prep+to~pobj+PERCENT~num+NUMBER_SLOT', u'*extend*on~prepc_based_on+LOCATION_SLOT~-prep_in+undernourishment~-prep_of+prevalence~-nsubj+dropped~prep_from+PERCENT~prep+to~pobj+PERCENT~num+NUMBER_SLOT', u'LOCATION_SLOT~-prep_in+undernourishment~-prep_of+prevalence~-nsubj+dropped~prep_from+*extend*has~aux+PERCENT~prep+to~pobj+PERCENT~num+NUMBER_SLOT', u'LOCATION_SLOT~-prep_in+*extend*PERCENT~num+undernourishment~-prep_of+prevalence~-nsubj+dropped~prep_from+PERCENT~prep+to~pobj+PERCENT~num+NUMBER_SLOT', u'LOCATION_SLOT~-prep_in+undernourishment~-prep_of+*extend*thus~conj_and+prevalence~-nsubj+dropped~prep_from+PERCENT~prep+to~pobj+PERCENT~num+NUMBER_SLOT', u'LOCATION_SLOT~-prep_in+*extend*DATE~prep_in+undernourishment~-prep_of+prevalence~-nsubj+dropped~prep_from+PERCENT~prep+to~pobj+PERCENT~num+NUMBER_SLOT', u'LOCATION_SLOT,"has","dropped","from","PERCENT","PERCENT","in","NUMBER",",","to",NUMBER_SLOT', u'"in",LOCATION_SLOT,"has","dropped","from","PERCENT","PERCENT","in","NUMBER",",","to",NUMBER_SLOT', u'"undernourishment","in",LOCATION_SLOT,"has","dropped","from","PERCENT","PERCENT","in","NUMBER",",","to",NUMBER_SLOT', u'"of","undernourishment","in",LOCATION_SLOT,"has","dropped","from","PERCENT","PERCENT","in","NUMBER",",","to",NUMBER_SLOT', u'LOCATION_SLOT,"has","dropped","from","PERCENT","PERCENT","in","NUMBER",",","to",NUMBER_SLOT,"PERCENT"', u'LOCATION_SLOT,"has","dropped","from","PERCENT","PERCENT","in","NUMBER",",","to",NUMBER_SLOT,"PERCENT","in"', u'LOCATION_SLOT,"has","dropped","from","PERCENT","PERCENT","in","NUMBER",",","to",NUMBER_SLOT,"PERCENT","in","DATE"']	12.6	0.0	htmlPages2textPARSEDALL/http:||www.fao.org|countryprofiles|news-archive|en|?page=5.json
Based on FAOâ $ s most recent estimates , the prevalence of undernourishment in <location>Nigeria</location> has dropped from 19.3 % in 1990-92 , to <number>8.5</number> % in 2010-12 and thus the country has achieved the MDG-1 hunger target .	Nigeria	Nigeria	prevalence_of_undernourisment	8.5	14	[u'LOCATION_SLOT~-prep_in+undernourishment~-prep_of+prevalence~-nsubj+dropped~prep_from+PERCENT~prep+to~pobj+PERCENT~num+NUMBER_SLOT', u'LOCATION_SLOT~-prep_in+*extend*the~det+undernourishment~-prep_of+prevalence~-nsubj+dropped~prep_from+PERCENT~prep+to~pobj+PERCENT~num+NUMBER_SLOT', u'*extend*on~prepc_based_on+LOCATION_SLOT~-prep_in+undernourishment~-prep_of+prevalence~-nsubj+dropped~prep_from+PERCENT~prep+to~pobj+PERCENT~num+NUMBER_SLOT', u'LOCATION_SLOT~-prep_in+undernourishment~-prep_of+prevalence~-nsubj+dropped~prep_from+*extend*has~aux+PERCENT~prep+to~pobj+PERCENT~num+NUMBER_SLOT', u'LOCATION_SLOT~-prep_in+*extend*PERCENT~num+undernourishment~-prep_of+prevalence~-nsubj+dropped~prep_from+PERCENT~prep+to~pobj+PERCENT~num+NUMBER_SLOT', u'LOCATION_SLOT~-prep_in+undernourishment~-prep_of+*extend*thus~conj_and+prevalence~-nsubj+dropped~prep_from+PERCENT~prep+to~pobj+PERCENT~num+NUMBER_SLOT', u'LOCATION_SLOT~-prep_in+*extend*DATE~prep_in+undernourishment~-prep_of+prevalence~-nsubj+dropped~prep_from+PERCENT~prep+to~pobj+PERCENT~num+NUMBER_SLOT', u'LOCATION_SLOT,"has","dropped","from","PERCENT","PERCENT","in","NUMBER",",","to",NUMBER_SLOT', u'"in",LOCATION_SLOT,"has","dropped","from","PERCENT","PERCENT","in","NUMBER",",","to",NUMBER_SLOT', u'"undernourishment","in",LOCATION_SLOT,"has","dropped","from","PERCENT","PERCENT","in","NUMBER",",","to",NUMBER_SLOT', u'"of","undernourishment","in",LOCATION_SLOT,"has","dropped","from","PERCENT","PERCENT","in","NUMBER",",","to",NUMBER_SLOT', u'LOCATION_SLOT,"has","dropped","from","PERCENT","PERCENT","in","NUMBER",",","to",NUMBER_SLOT,"PERCENT"', u'LOCATION_SLOT,"has","dropped","from","PERCENT","PERCENT","in","NUMBER",",","to",NUMBER_SLOT,"PERCENT","in"', u'LOCATION_SLOT,"has","dropped","from","PERCENT","PERCENT","in","NUMBER",",","to",NUMBER_SLOT,"PERCENT","in","DATE"']	8.5	0.0	htmlPages2textPARSEDALL/http:||www.fao.org|countryprofiles|news-archive|en|?page=5.json
Based on FAOâ $ s most recent estimates , the prevalence of undernourishment in <location>Sao Tome and Principe</location> has dropped from 22.6 % in 1990-92 , to <number>7.7</number> % in 2010-12 and thus the country has achieved the MDG-1 hunger target .	Sao Tome and Principe	São Tomé and Príncipe	prevalence_of_undernourisment	7.7	11	[u'LOCATION_SLOT~-prep_in+undernourishment~-prep_of+prevalence~-nsubj+dropped~prep_from+PERCENT~prep+to~pobj+PERCENT~num+NUMBER_SLOT', u'*extend*on~prepc_based_on+LOCATION_SLOT~-prep_in+undernourishment~-prep_of+prevalence~-nsubj+dropped~prep_from+PERCENT~prep+to~pobj+PERCENT~num+NUMBER_SLOT', u'LOCATION_SLOT~-prep_in+undernourishment~-prep_of+prevalence~-nsubj+dropped~prep_from+PERCENT~prep+to~pobj+PERCENT~num+NUMBER_SLOT', u'*extend*on~prepc_based_on+LOCATION_SLOT~-prep_in+undernourishment~-prep_of+prevalence~-nsubj+dropped~prep_from+PERCENT~prep+to~pobj+PERCENT~num+NUMBER_SLOT', u'LOCATION_SLOT,"has","dropped","from","PERCENT","PERCENT","in","NUMBER",",","to",NUMBER_SLOT', u'"in",LOCATION_SLOT,"has","dropped","from","PERCENT","PERCENT","in","NUMBER",",","to",NUMBER_SLOT', u'"undernourishment","in",LOCATION_SLOT,"has","dropped","from","PERCENT","PERCENT","in","NUMBER",",","to",NUMBER_SLOT', u'"of","undernourishment","in",LOCATION_SLOT,"has","dropped","from","PERCENT","PERCENT","in","NUMBER",",","to",NUMBER_SLOT', u'LOCATION_SLOT,"has","dropped","from","PERCENT","PERCENT","in","NUMBER",",","to",NUMBER_SLOT,"PERCENT"', u'LOCATION_SLOT,"has","dropped","from","PERCENT","PERCENT","in","NUMBER",",","to",NUMBER_SLOT,"PERCENT","in"', u'LOCATION_SLOT,"has","dropped","from","PERCENT","PERCENT","in","NUMBER",",","to",NUMBER_SLOT,"PERCENT","in","DATE"']	7.7	0.0	htmlPages2textPARSEDALL/http:||www.fao.org|countryprofiles|news-archive|en|?page=5.json
Based on FAOâ $ s most recent estimates , the prevalence of undernourishment in <location>Togo</location> has dropped from 32.8 % in 1990-92 , to <number>16.5</number> % in 2010-12 and thus the country has achieved the MDG-1 hunger target .	Togo	Togo	prevalence_of_undernourisment	16.5	15	[u'LOCATION_SLOT~-prep_in+undernourishment~-prep_of+prevalence~-nsubj+dropped~prep_from+PERCENT~prep+to~pobj+PERCENT~num+NUMBER_SLOT', u'LOCATION_SLOT~-prep_in+*extend*the~det+undernourishment~-prep_of+prevalence~-nsubj+dropped~prep_from+PERCENT~prep+to~pobj+PERCENT~num+NUMBER_SLOT', u'*extend*on~prepc_based_on+LOCATION_SLOT~-prep_in+undernourishment~-prep_of+prevalence~-nsubj+dropped~prep_from+PERCENT~prep+to~pobj+PERCENT~num+NUMBER_SLOT', u'LOCATION_SLOT~-prep_in+undernourishment~-prep_of+prevalence~-nsubj+dropped~prep_from+*extend*has~aux+PERCENT~prep+to~pobj+PERCENT~num+NUMBER_SLOT', u'LOCATION_SLOT~-prep_in+*extend*PERCENT~num+undernourishment~-prep_of+prevalence~-nsubj+dropped~prep_from+PERCENT~prep+to~pobj+PERCENT~num+NUMBER_SLOT', u'LOCATION_SLOT~-prep_in+undernourishment~-prep_of+*extend*thus~conj_and+prevalence~-nsubj+dropped~prep_from+PERCENT~prep+to~pobj+PERCENT~num+NUMBER_SLOT', u'LOCATION_SLOT~-prep_in+undernourishment~-prep_of+prevalence~-nsubj+*extend*achieved~dep+dropped~prep_from+PERCENT~prep+to~pobj+PERCENT~num+NUMBER_SLOT', u'LOCATION_SLOT~-prep_in+*extend*DATE~prep_in+undernourishment~-prep_of+prevalence~-nsubj+dropped~prep_from+PERCENT~prep+to~pobj+PERCENT~num+NUMBER_SLOT', u'LOCATION_SLOT,"has","dropped","from","PERCENT","PERCENT","in","NUMBER",",","to",NUMBER_SLOT', u'"in",LOCATION_SLOT,"has","dropped","from","PERCENT","PERCENT","in","NUMBER",",","to",NUMBER_SLOT', u'"undernourishment","in",LOCATION_SLOT,"has","dropped","from","PERCENT","PERCENT","in","NUMBER",",","to",NUMBER_SLOT', u'"of","undernourishment","in",LOCATION_SLOT,"has","dropped","from","PERCENT","PERCENT","in","NUMBER",",","to",NUMBER_SLOT', u'LOCATION_SLOT,"has","dropped","from","PERCENT","PERCENT","in","NUMBER",",","to",NUMBER_SLOT,"PERCENT"', u'LOCATION_SLOT,"has","dropped","from","PERCENT","PERCENT","in","NUMBER",",","to",NUMBER_SLOT,"PERCENT","in"', u'LOCATION_SLOT,"has","dropped","from","PERCENT","PERCENT","in","NUMBER",",","to",NUMBER_SLOT,"PERCENT","in","DATE"']	16.5	0.0	htmlPages2textPARSEDALL/http:||www.fao.org|countryprofiles|news-archive|en|?page=5.json
Based on FAOâ $ s most recent estimates , the prevalence of undernourishment in <location>Cameroon</location> has dropped from 38.7 % in 1990-92 , to <number>15.7</number> % in 2010-12 and thus the country has achieved the MDG-1 hunger target .	Cameroon	Cameroon	prevalence_of_undernourisment	15.7	15	[u'LOCATION_SLOT~-prep_in+undernourishment~-prep_of+prevalence~-nsubj+dropped~prep_from+PERCENT~prep+to~pobj+PERCENT~num+NUMBER_SLOT', u'LOCATION_SLOT~-prep_in+*extend*the~det+undernourishment~-prep_of+prevalence~-nsubj+dropped~prep_from+PERCENT~prep+to~pobj+PERCENT~num+NUMBER_SLOT', u'*extend*on~prepc_based_on+LOCATION_SLOT~-prep_in+undernourishment~-prep_of+prevalence~-nsubj+dropped~prep_from+PERCENT~prep+to~pobj+PERCENT~num+NUMBER_SLOT', u'LOCATION_SLOT~-prep_in+undernourishment~-prep_of+prevalence~-nsubj+dropped~prep_from+*extend*has~aux+PERCENT~prep+to~pobj+PERCENT~num+NUMBER_SLOT', u'LOCATION_SLOT~-prep_in+*extend*PERCENT~num+undernourishment~-prep_of+prevalence~-nsubj+dropped~prep_from+PERCENT~prep+to~pobj+PERCENT~num+NUMBER_SLOT', u'LOCATION_SLOT~-prep_in+undernourishment~-prep_of+*extend*thus~conj_and+prevalence~-nsubj+dropped~prep_from+PERCENT~prep+to~pobj+PERCENT~num+NUMBER_SLOT', u'LOCATION_SLOT~-prep_in+undernourishment~-prep_of+prevalence~-nsubj+*extend*achieved~dep+dropped~prep_from+PERCENT~prep+to~pobj+PERCENT~num+NUMBER_SLOT', u'LOCATION_SLOT~-prep_in+*extend*DATE~prep_in+undernourishment~-prep_of+prevalence~-nsubj+dropped~prep_from+PERCENT~prep+to~pobj+PERCENT~num+NUMBER_SLOT', u'LOCATION_SLOT,"has","dropped","from","PERCENT","PERCENT","in","NUMBER",",","to",NUMBER_SLOT', u'"in",LOCATION_SLOT,"has","dropped","from","PERCENT","PERCENT","in","NUMBER",",","to",NUMBER_SLOT', u'"undernourishment","in",LOCATION_SLOT,"has","dropped","from","PERCENT","PERCENT","in","NUMBER",",","to",NUMBER_SLOT', u'"of","undernourishment","in",LOCATION_SLOT,"has","dropped","from","PERCENT","PERCENT","in","NUMBER",",","to",NUMBER_SLOT', u'LOCATION_SLOT,"has","dropped","from","PERCENT","PERCENT","in","NUMBER",",","to",NUMBER_SLOT,"PERCENT"', u'LOCATION_SLOT,"has","dropped","from","PERCENT","PERCENT","in","NUMBER",",","to",NUMBER_SLOT,"PERCENT","in"', u'LOCATION_SLOT,"has","dropped","from","PERCENT","PERCENT","in","NUMBER",",","to",NUMBER_SLOT,"PERCENT","in","DATE"']	15.7	0.0	htmlPages2textPARSEDALL/http:||www.fao.org|countryprofiles|news-article|en|c|202544|.json
Based on FAOâ $ s most recent estimates , the prevalence of undernourishment in <location>Djibouti</location> has dropped from 68.0 % in 1990-92 , to <number>19.8</number> % in 2010-12 and thus the country has achieved the MDG-1 hunger target .	Djibouti	Djibouti	prevalence_of_undernourisment	19.8	15	[u'LOCATION_SLOT~-prep_in+undernourishment~-prep_of+prevalence~-nsubj+dropped~prep_from+PERCENT~prep+to~pobj+PERCENT~num+NUMBER_SLOT', u'LOCATION_SLOT~-prep_in+*extend*the~det+undernourishment~-prep_of+prevalence~-nsubj+dropped~prep_from+PERCENT~prep+to~pobj+PERCENT~num+NUMBER_SLOT', u'*extend*on~prepc_based_on+LOCATION_SLOT~-prep_in+undernourishment~-prep_of+prevalence~-nsubj+dropped~prep_from+PERCENT~prep+to~pobj+PERCENT~num+NUMBER_SLOT', u'LOCATION_SLOT~-prep_in+undernourishment~-prep_of+prevalence~-nsubj+dropped~prep_from+*extend*has~aux+PERCENT~prep+to~pobj+PERCENT~num+NUMBER_SLOT', u'LOCATION_SLOT~-prep_in+*extend*PERCENT~num+undernourishment~-prep_of+prevalence~-nsubj+dropped~prep_from+PERCENT~prep+to~pobj+PERCENT~num+NUMBER_SLOT', u'LOCATION_SLOT~-prep_in+undernourishment~-prep_of+*extend*thus~conj_and+prevalence~-nsubj+dropped~prep_from+PERCENT~prep+to~pobj+PERCENT~num+NUMBER_SLOT', u'LOCATION_SLOT~-prep_in+undernourishment~-prep_of+prevalence~-nsubj+*extend*achieved~dep+dropped~prep_from+PERCENT~prep+to~pobj+PERCENT~num+NUMBER_SLOT', u'LOCATION_SLOT~-prep_in+*extend*DATE~prep_in+undernourishment~-prep_of+prevalence~-nsubj+dropped~prep_from+PERCENT~prep+to~pobj+PERCENT~num+NUMBER_SLOT', u'LOCATION_SLOT,"has","dropped","from","PERCENT","PERCENT","in","NUMBER",",","to",NUMBER_SLOT', u'"in",LOCATION_SLOT,"has","dropped","from","PERCENT","PERCENT","in","NUMBER",",","to",NUMBER_SLOT', u'"undernourishment","in",LOCATION_SLOT,"has","dropped","from","PERCENT","PERCENT","in","NUMBER",",","to",NUMBER_SLOT', u'"of","undernourishment","in",LOCATION_SLOT,"has","dropped","from","PERCENT","PERCENT","in","NUMBER",",","to",NUMBER_SLOT', u'LOCATION_SLOT,"has","dropped","from","PERCENT","PERCENT","in","NUMBER",",","to",NUMBER_SLOT,"PERCENT"', u'LOCATION_SLOT,"has","dropped","from","PERCENT","PERCENT","in","NUMBER",",","to",NUMBER_SLOT,"PERCENT","in"', u'LOCATION_SLOT,"has","dropped","from","PERCENT","PERCENT","in","NUMBER",",","to",NUMBER_SLOT,"PERCENT","in","DATE"']	19.8	0.0	htmlPages2textPARSEDALL/http:||www.fao.org|countryprofiles|news-article|en|c|202549|.json
US 14.2 % , <location>France</location> 12.2 % , China 7.9 % , Nigeria 7.8 % , French Polynesia 7.8 % , Cote d'Ivoire <number>5</number> % -LRB- 2006 -RRB-	France	France	prevalence_of_undernourisment	5.0	1	[u"LOCATION_SLOT~-appos+PERCENT~appos+*extend*LOCATION~appos+LOCATION~appos+d'ivoire~amod+PERCENT~number+NUMBER_SLOT"]	5.0	0.0	htmlPages2textPARSEDALL/http:||www.geographyiq.com|countries|ng|Niger_economy.htm.json
Cameroon 16.9 % , France 15.7 % , China 10.7 % , <location>Finland</location> 6.5 % , Sweden 6 % , Saudi Arabia <number>5</number> % , Belgium 4.4 % -LRB- 2011 -RRB-	Finland	Finland	prevalence_of_undernourisment	5.0	2	[u'LOCATION_SLOT,"PERCENT","PERCENT",",","LOCATION","PERCENT","PERCENT",",","saudi","arabia",NUMBER_SLOT', u'LOCATION_SLOT,"PERCENT","PERCENT",",","LOCATION","PERCENT","PERCENT",",","saudi","arabia",NUMBER_SLOT,"PERCENT"']	5.0	0.0	htmlPages2textPARSEDALL/http:||www.gfmag.com|global-data|country-data|chad-gdp-country-report.json
Cameroon 16.9 % , France 15.7 % , China 10.7 % , <location>Finland</location> 6.5 % , Sweden 6 % , Saudi Arabia <number>5</number> % , Belgium 4.4 % -LRB- 2011 -RRB-	Finland	Finland	prevalence_of_undernourisment	5.0	2	[u'LOCATION_SLOT,"PERCENT","PERCENT",",","LOCATION","PERCENT","PERCENT",",","saudi","arabia",NUMBER_SLOT', u'LOCATION_SLOT,"PERCENT","PERCENT",",","LOCATION","PERCENT","PERCENT",",","saudi","arabia",NUMBER_SLOT,"PERCENT"']	5.0	0.0	htmlPages2textPARSEDALL/http:||www.gfmag.com|global-data|country-data|chad-gdp-country-report?tab=gdp_tab.json
Cameroon 16.9 % , France 15.7 % , China 10.7 % , <location>Finland</location> 6.5 % , Sweden 6 % , Saudi Arabia <number>5</number> % , Belgium 4.4 % -LRB- 2011 -RRB-	Finland	Finland	prevalence_of_undernourisment	5.0	2	[u'LOCATION_SLOT,"PERCENT","PERCENT",",","LOCATION","PERCENT","PERCENT",",","saudi","arabia",NUMBER_SLOT', u'LOCATION_SLOT,"PERCENT","PERCENT",",","LOCATION","PERCENT","PERCENT",",","saudi","arabia",NUMBER_SLOT,"PERCENT"']	5.0	0.0	htmlPages2textPARSEDALL/http:||www.gfmag.com|global-data|country-data|chad-gdp-country-report?tab=population_tab.json
Germany 20.8 % , Sweden 13.6 % , Netherlands 7.1 % , <location>UK</location> 6.3 % , China 6.3 % , Norway <number>5.8</number> % -LRB- 2011 -RRB-	UK	United Kingdom	prevalence_of_undernourisment	5.0	1	[u'LOCATION_SLOT~-appos+netherlands~appos+LOCATION~dep+PERCENT~num+NUMBER_SLOT']	5.8	0.16	htmlPages2textPARSEDALL/http:||www.gfmag.com|global-data|country-data|denmark-gdp-country-report.json
China 9.7 % , Netherlands 8.4 % , <location>France</location> 7.6 % , US 5.7 % , Italy 5.2 % , UK <number>4.7</number> % , Belgium 4.2 % , Austria 4.1 % , Switzerland 4.1 % -LRB- 2009 estimate -RRB-	France	France	prevalence_of_undernourisment	5.0	1	[u'LOCATION_SLOT~-appos+netherlands~appos+LOCATION~dep+PERCENT~num+NUMBER_SLOT']	4.7	0.06	htmlPages2textPARSEDALL/http:||www.gfmag.com|global-data|country-data|germany-gdp-country-report.json
China 9.7 % , Netherlands 8.4 % , <location><location>France</location></location> 7.6 % , US 5.7 % , Italy <number>5.2</number> % , UK <number>4.7</number> % , Belgium 4.2 % , Austria 4.1 % , Switzerland 4.1 % -LRB- 2009 estimate -RRB-	France	France	prevalence_of_undernourisment	5.0	1	[u'LOCATION_SLOT~-appos+netherlands~appos+LOCATION~dep+PERCENT~num+NUMBER_SLOT']	5.2	0.04	htmlPages2textPARSEDALL/http:||www.gfmag.com|global-data|country-data|germany-gdp-country-report.json
China 9.7 % , Netherlands 8.4 % , <location><location>France</location></location> 7.6 % , <location>US</location> 5.7 % , Italy <number>5.2</number> % , UK <number><number>4.7</number></number> % , Belgium 4.2 % , Austria 4.1 % , Switzerland 4.1 % -LRB- 2009 estimate -RRB-	US	United States of America	prevalence_of_undernourisment	5.0	1	[u'LOCATION_SLOT~-appos+netherlands~appos+LOCATION~dep+PERCENT~num+NUMBER_SLOT']	4.7	0.06	htmlPages2textPARSEDALL/http:||www.gfmag.com|global-data|country-data|germany-gdp-country-report.json
China 9.7 % , Netherlands 8.4 % , <location><location>France</location></location> 7.6 % , <location><location>US</location></location> 5.7 % , Italy <number><number>5.2</number></number> % , UK <number><number>4.7</number></number> % , Belgium 4.2 % , Austria 4.1 % , Switzerland 4.1 % -LRB- 2009 estimate -RRB-	US	United States of America	prevalence_of_undernourisment	5.0	1	[u'LOCATION_SLOT~-appos+netherlands~appos+LOCATION~dep+PERCENT~num+NUMBER_SLOT']	5.2	0.04	htmlPages2textPARSEDALL/http:||www.gfmag.com|global-data|country-data|germany-gdp-country-report.json
China 9.7 % , Netherlands 8.4 % , <location><location>France</location></location> 7.6 % , <location><location>US</location></location> 5.7 % , Italy <number><number><number>5.2</number></number></number> % , <location>UK</location> <number><number>4.7</number></number> % , Belgium 4.2 % , Austria 4.1 % , Switzerland 4.1 % -LRB- 2009 estimate -RRB-	UK	United Kingdom	prevalence_of_undernourisment	5.0	1	[u'LOCATION_SLOT~-appos+netherlands~appos+LOCATION~dep+PERCENT~num+NUMBER_SLOT']	5.2	0.04	htmlPages2textPARSEDALL/http:||www.gfmag.com|global-data|country-data|germany-gdp-country-report.json
US 11.9 % , <location>India</location> 10 % , China 9.3 % , Saudi Arabia <number>8</number> % , South Korea 6.3 % , Japan 5.9 % , Germany 4.8 % , UAE 4.1 % -LRB- 2011 -RRB-	India	India	prevalence_of_undernourisment	17.5	2	[u'LOCATION_SLOT,"PERCENT","PERCENT",",","LOCATION","PERCENT","PERCENT",",","saudi","arabia",NUMBER_SLOT', u'LOCATION_SLOT,"PERCENT","PERCENT",",","LOCATION","PERCENT","PERCENT",",","saudi","arabia",NUMBER_SLOT,"PERCENT"']	8.0	0.542857142857	htmlPages2textPARSEDALL/http:||www.gfmag.com|global-data|country-data|kuwait-gdp-country-report.json
South Africa 29.9 % , US 15.7 % , Spain 7.6 % , Cote dIvoire <number>4.9</number> % , Germany 4.2 % , <location>Japan</location> 4.1 % , China 4 % -LRB- 2011 -RRB-	Japan	Japan	prevalence_of_undernourisment	5.0	1	[u'LOCATION_SLOT~-appos+PERCENT~appos+divoire~amod+*extend*LOCATION~appos+PERCENT~number+NUMBER_SLOT']	4.9	0.02	htmlPages2textPARSEDALL/http:||www.gfmag.com|global-data|country-data|liberia-gdp-country-report.json
South Africa 29.9 % , <location>US</location> 15.7 % , Spain 7.6 % , Cote dIvoire <number><number>4.9</number></number> % , Germany 4.2 % , <location>Japan</location> 4.1 % , China 4 % -LRB- 2011 -RRB-	US	United States of America	prevalence_of_undernourisment	5.0	1	[u'LOCATION_SLOT~-appos+PERCENT~appos+divoire~amod+*extend*LOCATION~appos+PERCENT~number+NUMBER_SLOT']	4.9	0.02	htmlPages2textPARSEDALL/http:||www.gfmag.com|global-data|country-data|liberia-gdp-country-report.json
South Africa 29.9 % , <location>US</location> 15.7 % , Spain 7.6 % , Cote dIvoire <number><number><number>4.9</number></number></number> % , <location>Germany</location> 4.2 % , <location>Japan</location> 4.1 % , China 4 % -LRB- 2011 -RRB-	Germany	Germany	prevalence_of_undernourisment	5.0	1	[u'LOCATION_SLOT~-appos+PERCENT~appos+divoire~amod+*extend*LOCATION~appos+PERCENT~number+NUMBER_SLOT']	4.9	0.02	htmlPages2textPARSEDALL/http:||www.gfmag.com|global-data|country-data|liberia-gdp-country-report.json
South Africa 29.9 % , US 15.7 % , Spain 7.6 % , Cote dIvoire <number>4.9</number> % , Germany 4.2 % , <location>Japan</location> 4.1 % , China 4 % -LRB- 2011 -RRB-	Japan	Japan	prevalence_of_undernourisment	5.0	1	[u'LOCATION_SLOT~-appos+PERCENT~appos+divoire~amod+*extend*LOCATION~appos+PERCENT~number+NUMBER_SLOT']	4.9	0.02	htmlPages2textPARSEDALL/http:||www.gfmag.com|global-data|country-data|liberia-gdp-country-report?tab=gdp_tab.json
South Africa 29.9 % , <location>US</location> 15.7 % , Spain 7.6 % , Cote dIvoire <number><number>4.9</number></number> % , Germany 4.2 % , <location>Japan</location> 4.1 % , China 4 % -LRB- 2011 -RRB-	US	United States of America	prevalence_of_undernourisment	5.0	1	[u'LOCATION_SLOT~-appos+PERCENT~appos+divoire~amod+*extend*LOCATION~appos+PERCENT~number+NUMBER_SLOT']	4.9	0.02	htmlPages2textPARSEDALL/http:||www.gfmag.com|global-data|country-data|liberia-gdp-country-report?tab=gdp_tab.json
South Africa 29.9 % , <location>US</location> 15.7 % , Spain 7.6 % , Cote dIvoire <number><number><number>4.9</number></number></number> % , <location>Germany</location> 4.2 % , <location>Japan</location> 4.1 % , China 4 % -LRB- 2011 -RRB-	Germany	Germany	prevalence_of_undernourisment	5.0	1	[u'LOCATION_SLOT~-appos+PERCENT~appos+divoire~amod+*extend*LOCATION~appos+PERCENT~number+NUMBER_SLOT']	4.9	0.02	htmlPages2textPARSEDALL/http:||www.gfmag.com|global-data|country-data|liberia-gdp-country-report?tab=gdp_tab.json
China 46.6 % , Italy 8.8 % , France 8.1 % , Cote dIvoire <number>5.1</number> % , Spain 4.6 % , <location>Japan</location> 4.5 % , Belgium 4.3 % , Netherlands 4 % -LRB- 2011 -RRB-	Japan	Japan	prevalence_of_undernourisment	5.0	1	[u'LOCATION_SLOT~-appos+PERCENT~appos+divoire~amod+*extend*LOCATION~appos+PERCENT~number+NUMBER_SLOT']	5.1	0.02	htmlPages2textPARSEDALL/http:||www.gfmag.com|global-data|country-data|mauritania-gdp-country-report.json
China 46.6 % , Italy 8.8 % , France 8.1 % , Cote dIvoire <number><number>5.1</number></number> % , <location>Spain</location> 4.6 % , <location>Japan</location> 4.5 % , Belgium 4.3 % , Netherlands 4 % -LRB- 2011 -RRB-	Spain	Spain	prevalence_of_undernourisment	5.0	1	[u'LOCATION_SLOT~-appos+PERCENT~appos+divoire~amod+*extend*LOCATION~appos+PERCENT~number+NUMBER_SLOT']	5.1	0.02	htmlPages2textPARSEDALL/http:||www.gfmag.com|global-data|country-data|mauritania-gdp-country-report.json
China 46.6 % , Italy 8.8 % , France 8.1 % , Cote dIvoire <number><number><number>5.1</number></number></number> % , <location>Spain</location> 4.6 % , <location>Japan</location> 4.5 % , <location>Belgium</location> 4.3 % , Netherlands 4 % -LRB- 2011 -RRB-	Belgium	Belgium	prevalence_of_undernourisment	5.0	1	[u'LOCATION_SLOT~-appos+PERCENT~appos+divoire~amod+*extend*LOCATION~appos+PERCENT~number+NUMBER_SLOT']	5.1	0.02	htmlPages2textPARSEDALL/http:||www.gfmag.com|global-data|country-data|mauritania-gdp-country-report.json
China 46.6 % , Italy 8.8 % , France 8.1 % , Cote dIvoire <number>5.1</number> % , Spain 4.6 % , <location>Japan</location> 4.5 % , Belgium 4.3 % , Netherlands 4 % -LRB- 2011 -RRB-	Japan	Japan	prevalence_of_undernourisment	5.0	1	[u'LOCATION_SLOT~-appos+PERCENT~appos+divoire~amod+*extend*LOCATION~appos+PERCENT~number+NUMBER_SLOT']	5.1	0.02	htmlPages2textPARSEDALL/http:||www.gfmag.com|global-data|country-data|mauritania-gdp-country-report?tab=population_tab.json
China 46.6 % , Italy 8.8 % , France 8.1 % , Cote dIvoire <number><number>5.1</number></number> % , <location>Spain</location> 4.6 % , <location>Japan</location> 4.5 % , Belgium 4.3 % , Netherlands 4 % -LRB- 2011 -RRB-	Spain	Spain	prevalence_of_undernourisment	5.0	1	[u'LOCATION_SLOT~-appos+PERCENT~appos+divoire~amod+*extend*LOCATION~appos+PERCENT~number+NUMBER_SLOT']	5.1	0.02	htmlPages2textPARSEDALL/http:||www.gfmag.com|global-data|country-data|mauritania-gdp-country-report?tab=population_tab.json
China 46.6 % , Italy 8.8 % , France 8.1 % , Cote dIvoire <number><number><number>5.1</number></number></number> % , <location>Spain</location> 4.6 % , <location>Japan</location> 4.5 % , <location>Belgium</location> 4.3 % , Netherlands 4 % -LRB- 2011 -RRB-	Belgium	Belgium	prevalence_of_undernourisment	5.0	1	[u'LOCATION_SLOT~-appos+PERCENT~appos+divoire~amod+*extend*LOCATION~appos+PERCENT~number+NUMBER_SLOT']	5.1	0.02	htmlPages2textPARSEDALL/http:||www.gfmag.com|global-data|country-data|mauritania-gdp-country-report?tab=population_tab.json
Origin of foreign investment 1996-2005 â $ `` the Netherlands 24.3 % ; Germany 19.4 % , Austria <number>14.1</number> % ; Italy 7.5 % , <location>United States</location> -LRB- 8th largest investor -RRB- 4.0 % .	United States	United States of America	prevalence_of_undernourisment	5.0	1	[u'LOCATION_SLOT~-appos+netherlands~appos+LOCATION~dep+PERCENT~num+NUMBER_SLOT']	14.1	1.82	htmlPages2textPARSEDALL/http:||www.globaltenders.com|economy-slovakia.htm.json
Spain 18.4 % , China 17.4 % , US 11.1 % , <location>France</location> 8 % , Italy 5.9 % , Cote dIvoire <number>5.3</number> % , Brazil 4.4 % -LRB- 2012 -RRB-	France	France	prevalence_of_undernourisment	5.0	1	[u'LOCATION_SLOT~-appos+PERCENT~appos+divoire~amod+*extend*LOCATION~appos+PERCENT~number+NUMBER_SLOT']	5.3	0.06	htmlPages2textPARSEDALL/http:||www.howmanycountriesintheworld.com|Statistic%20Pages|D-F%20List|Equatorial%20Guinea.html.json
<location>US</location> 16.6 % , Iraq 15.1 % , Saudi Arabia <number>11</number> % , India 10.5 % , Indonesia 4.2 % -LRB- 2012 -RRB-	US	United States of America	prevalence_of_undernourisment	5.0	2	[u'LOCATION_SLOT,"PERCENT","PERCENT",",","LOCATION","PERCENT","PERCENT",",","saudi","arabia",NUMBER_SLOT', u'LOCATION_SLOT,"PERCENT","PERCENT",",","LOCATION","PERCENT","PERCENT",",","saudi","arabia",NUMBER_SLOT,"PERCENT"']	11.0	1.2	htmlPages2textPARSEDALL/http:||www.indexmundi.com|factbook|compare|jordan.syria|economy.json
Spain 18.4 % , China 17.4 % , US 11.1 % , <location>France</location> 8 % , Italy 5.9 % , Cote dIvoire <number>5.3</number> % , Brazil 4.4 % -LRB- 2012 -RRB-	France	France	prevalence_of_undernourisment	5.0	1	[u'LOCATION_SLOT~-appos+PERCENT~appos+divoire~amod+*extend*LOCATION~appos+PERCENT~number+NUMBER_SLOT']	5.3	0.06	htmlPages2textPARSEDALL/http:||www.knowyourcountry.com|equatorialguinea6.html.json
China 48.6 % , Italy 7.5 % , Japan 7 % , Cote dIvoire <number>6.7</number> % , France 4.7 % , <location>Spain</location> 4.1 % -LRB- 2012 -RRB-	Spain	Spain	prevalence_of_undernourisment	5.0	1	[u'LOCATION_SLOT~-appos+PERCENT~appos+divoire~amod+*extend*LOCATION~appos+PERCENT~number+NUMBER_SLOT']	6.7	0.34	htmlPages2textPARSEDALL/http:||www.knowyourcountry.com|mauritania6.html.json
China 48.6 % , Italy 7.5 % , Japan 7 % , Cote dIvoire <number><number>6.7</number></number> % , <location>France</location> 4.7 % , <location>Spain</location> 4.1 % -LRB- 2012 -RRB-	France	France	prevalence_of_undernourisment	5.0	1	[u'LOCATION_SLOT~-appos+PERCENT~appos+divoire~amod+*extend*LOCATION~appos+PERCENT~number+NUMBER_SLOT']	6.7	0.34	htmlPages2textPARSEDALL/http:||www.knowyourcountry.com|mauritania6.html.json
Imports - partners : France 13 % , <location>Ethiopia</location> 12 % , Italy 9 % , Saudi Arabia <number>6</number> % , UK 6 % -LRB- 1998 -RRB-	Ethiopia	Ethiopia	prevalence_of_undernourisment	40.2	2	[u'LOCATION_SLOT,"PERCENT","PERCENT",",","LOCATION","PERCENT","PERCENT",",","saudi","arabia",NUMBER_SLOT', u'LOCATION_SLOT,"PERCENT","PERCENT",",","LOCATION","PERCENT","PERCENT",",","saudi","arabia",NUMBER_SLOT,"PERCENT"']	6.0	0.850746268657	htmlPages2textPARSEDALL/http:||www.photius.com|wfb2000|countries|djibouti|djibouti_economy.html.json
Imports - partners : US 8 % , <location>Japan</location> 8 % , Malaysia 7 % , Saudi Arabia <number>7</number> % , UAE 7 % -LRB- FY98/99 -RRB-	Japan	Japan	prevalence_of_undernourisment	5.0	2	[u'LOCATION_SLOT,"PERCENT","PERCENT",",","LOCATION","PERCENT","PERCENT",",","saudi","arabia",NUMBER_SLOT', u'LOCATION_SLOT,"PERCENT","PERCENT",",","LOCATION","PERCENT","PERCENT",",","saudi","arabia",NUMBER_SLOT,"PERCENT"']	7.0	0.4	htmlPages2textPARSEDALL/http:||www.photius.com|wfb2000|countries|pakistan|pakistan_economy.html.json
Import Partners : France 13 % , <location>Ethiopia</location> 12 % , Italy 9 % , Saudi Arabia <number>6</number> % , UK 6 %	Ethiopia	Ethiopia	prevalence_of_undernourisment	40.2	2	[u'LOCATION_SLOT,"PERCENT","PERCENT",",","LOCATION","PERCENT","PERCENT",",","saudi","arabia",NUMBER_SLOT', u'LOCATION_SLOT,"PERCENT","PERCENT",",","LOCATION","PERCENT","PERCENT",",","saudi","arabia",NUMBER_SLOT,"PERCENT"']	6.0	0.850746268657	htmlPages2textPARSEDALL/http:||www.phrasebase.com|countries|djibouti|.json
partners : <location>India</location> 22 % , Japan 12 % , Saudi Arabia <number>6</number> % , US 6 % , UAE 5 % -LRB- 1995 -RRB-	India	India	prevalence_of_undernourisment	17.5	2	[u'LOCATION_SLOT,"PERCENT","PERCENT",",","LOCATION","PERCENT","PERCENT",",","saudi","arabia",NUMBER_SLOT', u'LOCATION_SLOT,"PERCENT","PERCENT",",","LOCATION","PERCENT","PERCENT",",","saudi","arabia",NUMBER_SLOT,"PERCENT"']	6.0	0.657142857143	htmlPages2textPARSEDALL/http:||www.theinternetradio.com|middle_east|bahrain.htm.json
Germany 18 % , France 16.1 % , Netherlands 13 % , UK 7.3 % , <location>US</location> 5.3 % , Italy <number>4.4</number> % -LRB- 2012 -RRB-	US	United States of America	prevalence_of_undernourisment	5.0	1	[u'LOCATION_SLOT~-appos+netherlands~appos+LOCATION~dep+PERCENT~num+NUMBER_SLOT']	4.4	0.12	htmlPages2textPARSEDALL/http:||www.theodora.com|wfbcurrent|belgium|belgium_economy.html.json
Germany 18 % , France 16.1 % , Netherlands 13 % , <location>UK</location> 7.3 % , <location>US</location> 5.3 % , Italy <number><number>4.4</number></number> % -LRB- 2012 -RRB-	UK	United Kingdom	prevalence_of_undernourisment	5.0	1	[u'LOCATION_SLOT~-appos+netherlands~appos+LOCATION~dep+PERCENT~num+NUMBER_SLOT']	4.4	0.12	htmlPages2textPARSEDALL/http:||www.theodora.com|wfbcurrent|belgium|belgium_economy.html.json
Spain 18.4 % , China 17.4 % , US 11.1 % , <location>France</location> 8 % , Italy 5.9 % , Cote dIvoire <number>5.3</number> % , Brazil 4.4 % -LRB- 2012 -RRB-	France	France	prevalence_of_undernourisment	5.0	1	[u'LOCATION_SLOT~-appos+PERCENT~appos+divoire~amod+*extend*LOCATION~appos+PERCENT~number+NUMBER_SLOT']	5.3	0.06	htmlPages2textPARSEDALL/http:||www.theodora.com|wfbcurrent|equatorial_guinea|equatorial_guinea_economy.html.json
China 50.5 % , Italy 7.8 % , Japan 7.3 % , France 4.9 % , <location>Spain</location> 4.2 % , Cote dIvoire <number>4.1</number> % , Netherlands 4 % -LRB- 2012 -RRB-	Spain	Spain	prevalence_of_undernourisment	5.0	1	[u'LOCATION_SLOT~-appos+PERCENT~appos+divoire~amod+*extend*LOCATION~appos+PERCENT~number+NUMBER_SLOT']	4.1	0.18	htmlPages2textPARSEDALL/http:||www.theodora.com|wfbcurrent|mauritania|mauritania_economy.html.json
China 50.5 % , Italy 7.8 % , Japan 7.3 % , <location>France</location> 4.9 % , <location>Spain</location> 4.2 % , Cote dIvoire <number><number>4.1</number></number> % , Netherlands 4 % -LRB- 2012 -RRB-	France	France	prevalence_of_undernourisment	5.0	1	[u'LOCATION_SLOT~-appos+PERCENT~appos+divoire~amod+*extend*LOCATION~appos+PERCENT~number+NUMBER_SLOT']	4.1	0.18	htmlPages2textPARSEDALL/http:||www.theodora.com|wfbcurrent|mauritania|mauritania_economy.html.json
Russia 34.7 % , Netherlands 17.7 % , <location>UK</location> 7.5 % , Ukraine 6.3 % , Poland <number>5.2</number> % -LRB- 2006 -RRB-	UK	United Kingdom	prevalence_of_undernourisment	5.0	1	[u'LOCATION_SLOT~-appos+netherlands~appos+LOCATION~dep+PERCENT~num+NUMBER_SLOT']	5.2	0.04	htmlPages2textPARSEDALL/http:||www.web-translations.com|resources_old|country_guides|Belarus|economy.html.json
Russia 34.7 % , Netherlands 17.7 % , <location>UK</location> 7.5 % , <location>Ukraine</location> 6.3 % , Poland <number><number>5.2</number></number> % -LRB- 2006 -RRB-	Ukraine	Ukraine	prevalence_of_undernourisment	5.0	1	[u'LOCATION_SLOT~-appos+netherlands~appos+LOCATION~dep+PERCENT~num+NUMBER_SLOT']	5.2	0.04	htmlPages2textPARSEDALL/http:||www.web-translations.com|resources_old|country_guides|Belarus|economy.html.json
US 14.2 % , <location>France</location> 12.2 % , China 7.9 % , Nigeria 7.8 % , French Polynesia 7.8 % , Cote d'Ivoire <number>5</number> % -LRB- 2006 -RRB-	France	France	prevalence_of_undernourisment	5.0	1	[u"LOCATION_SLOT~-appos+PERCENT~appos+*extend*LOCATION~appos+LOCATION~appos+d'ivoire~amod+PERCENT~number+NUMBER_SLOT"]	5.0	0.0	htmlPages2textPARSEDALL/http:||www.web-translations.com|resources_old|country_guides|Niger|economy.html.json
Imports -LRB- 2008 -RRB- -- $ 39.35 billion c.a.f. Major partners -LRB- 2008 -RRB- -- France 15 % , <location>Spain</location> 11.2 % , Italy 6.7 % , Saudi Arabia <number>6.7</number> % , China 5.7 % , United States 5.1 % , and Russia 5 % .	Spain	Spain	prevalence_of_undernourisment	5.0	2	[u'LOCATION_SLOT,"PERCENT","PERCENT",",","LOCATION","PERCENT","PERCENT",",","saudi","arabia",NUMBER_SLOT', u'LOCATION_SLOT,"PERCENT","PERCENT",",","LOCATION","PERCENT","PERCENT",",","saudi","arabia",NUMBER_SLOT,"PERCENT"']	6.7	0.34	htmlPages2textPARSEDALL/https:||answers.yahoo.com|question|index?qid=20101116162028AAZjgad.json
Germany 18 % , France 16.1 % , Netherlands 13 % , UK 7.3 % , <location>US</location> 5.3 % , Italy <number>4.4</number> % -LRB- 2012 -RRB-	US	United States of America	prevalence_of_undernourisment	5.0	1	[u'LOCATION_SLOT~-appos+netherlands~appos+LOCATION~dep+PERCENT~num+NUMBER_SLOT']	4.4	0.12	htmlPages2textPARSEDALL/https:||www.cia.gov|library|publications|the-world-factbook|geos|be.html.json
Germany 18 % , France 16.1 % , Netherlands 13 % , <location>UK</location> 7.3 % , <location>US</location> 5.3 % , Italy <number><number>4.4</number></number> % -LRB- 2012 -RRB-	UK	United Kingdom	prevalence_of_undernourisment	5.0	1	[u'LOCATION_SLOT~-appos+netherlands~appos+LOCATION~dep+PERCENT~num+NUMBER_SLOT']	4.4	0.12	htmlPages2textPARSEDALL/https:||www.cia.gov|library|publications|the-world-factbook|geos|be.html.json
Spain 18.4 % , China 17.4 % , US 11.1 % , <location>France</location> 8 % , Italy 5.9 % , Cote dIvoire <number>5.3</number> % , Brazil 4.4 % -LRB- 2012 -RRB-	France	France	prevalence_of_undernourisment	5.0	1	[u'LOCATION_SLOT~-appos+PERCENT~appos+divoire~amod+*extend*LOCATION~appos+PERCENT~number+NUMBER_SLOT']	5.3	0.06	htmlPages2textPARSEDALL/https:||www.cia.gov|library|publications|the-world-factbook|geos|ek.html.json
Exports - partners : Netherlands 41.4 % , Turkey 15.3 % , Uzbekistan 7.2 % , <location>Latvia</location> 7.1 % , Switzerland 6.9 % , Russia <number>6.6</number> % -LRB- 2004 -RRB-	Latvia	Latvia	prevalence_of_undernourisment	5.0	1	[u'LOCATION_SLOT~-appos+netherlands~appos+LOCATION~dep+PERCENT~num+NUMBER_SLOT']	6.6	0.32	htmlPages2textPARSEDALL/https:||www.travelblog.org|Asia|Tajikistan|fact-econ-tajikistan.html.json
Exports - partners : Netherlands 41.4 % , Turkey 15.3 % , Uzbekistan 7.2 % , <location>Latvia</location> 7.1 % , <location>Switzerland</location> 6.9 % , Russia <number><number>6.6</number></number> % -LRB- 2004 -RRB-	Switzerland	Switzerland	prevalence_of_undernourisment	5.0	1	[u'LOCATION_SLOT~-appos+netherlands~appos+LOCATION~dep+PERCENT~num+NUMBER_SLOT']	6.6	0.32	htmlPages2textPARSEDALL/https:||www.travelblog.org|Asia|Tajikistan|fact-econ-tajikistan.html.json
Exports - partners : Netherlands 41.4 % , Turkey 15.3 % , <location>Uzbekistan</location> 7.2 % , <location>Latvia</location> 7.1 % , <location>Switzerland</location> 6.9 % , Russia <number><number><number>6.6</number></number></number> % -LRB- 2004 -RRB-	Uzbekistan	Uzbekistan	prevalence_of_undernourisment	6.1	1	[u'LOCATION_SLOT~-appos+netherlands~appos+LOCATION~dep+PERCENT~num+NUMBER_SLOT']	6.6	0.0819672131148	htmlPages2textPARSEDALL/https:||www.travelblog.org|Asia|Tajikistan|fact-econ-tajikistan.html.json
