<location>Albania</location> Renewable internal freshwater resources per capita -LRB- cubic meters -RRB- 2011 : <number>8,529.17</number> , Cubic meters	Albania	Albania	renewable_freshwater_per_capita	8529.168647	3	[u'LOCATION_SLOT~-nn+renewable~dep+NUMBER_SLOT', u'*extend*meters~appos+LOCATION_SLOT~-nn+renewable~dep+NUMBER_SLOT', u'LOCATION_SLOT~-nn+renewable~dep+*extend*DATE~num+NUMBER_SLOT']	8529.17	1.58632107729e-07	htmlPages2textPARSEDALL/http:||www.orkii.com|albania|freshwater-internal-renewable-per-capita.json
<location>Algeria</location> Renewable internal freshwater resources per capita -LRB- cubic meters -RRB- 2011 : <number>297.91</number> , Cubic meters	Algeria	Algeria	renewable_freshwater_per_capita	297.910953	3	[u'LOCATION_SLOT~-nn+renewable~dep+NUMBER_SLOT', u'*extend*meters~appos+LOCATION_SLOT~-nn+renewable~dep+NUMBER_SLOT', u'LOCATION_SLOT~-nn+renewable~dep+*extend*DATE~num+NUMBER_SLOT']	297.91	3.19894247051e-06	htmlPages2textPARSEDALL/http:||www.orkii.com|algeria|freshwater-internal-renewable-per-capita.json
<location>Antigua and Barbuda</location> Renewable internal freshwater resources per capita -LRB- cubic meters -RRB- 2011 : <number>589.89</number> , Cubic meters	Antigua and Barbuda	Antigua and Barbuda	renewable_freshwater_per_capita	589.89019	8	[u'LOCATION_SLOT~-nn+renewable~dep+NUMBER_SLOT', u'LOCATION_SLOT~-nn+renewable~dep+*extend*resources~dep+NUMBER_SLOT', u'*extend*meters~appos+LOCATION_SLOT~-nn+renewable~dep+NUMBER_SLOT', u'LOCATION_SLOT~-nn+renewable~dep+*extend*DATE~num+NUMBER_SLOT', u'LOCATION_SLOT~-nn+renewable~dep+NUMBER_SLOT', u'LOCATION_SLOT~-nn+renewable~dep+*extend*resources~dep+NUMBER_SLOT', u'*extend*meters~appos+LOCATION_SLOT~-nn+renewable~dep+NUMBER_SLOT', u'LOCATION_SLOT~-nn+renewable~dep+*extend*DATE~num+NUMBER_SLOT']	589.89	3.22093845933e-07	htmlPages2textPARSEDALL/http:||www.orkii.com|antigua-and-barbuda|freshwater-internal-renewable-per-capita.json
<location>Armenia</location> Renewable internal freshwater resources per capita -LRB- cubic meters -RRB- 2011 : <number>2,314.01</number> , Cubic meters	Armenia	Armenia	renewable_freshwater_per_capita	2314.00888	3	[u'LOCATION_SLOT~-nn+renewable~dep+NUMBER_SLOT', u'*extend*meters~appos+LOCATION_SLOT~-nn+renewable~dep+NUMBER_SLOT', u'LOCATION_SLOT~-nn+renewable~dep+*extend*DATE~num+NUMBER_SLOT']	2314.01	4.84008514417e-07	htmlPages2textPARSEDALL/http:||www.orkii.com|armenia|freshwater-internal-renewable-per-capita.json
<location>Australia</location> Renewable internal freshwater resources per capita -LRB- cubic meters -RRB- 2011 : <number>22,039.16</number> , Cubic meters	Australia	Australia	renewable_freshwater_per_capita	22039.159824	3	[u'LOCATION_SLOT~-nn+renewable~dep+NUMBER_SLOT', u'*extend*meters~appos+LOCATION_SLOT~-nn+renewable~dep+NUMBER_SLOT', u'LOCATION_SLOT~-nn+renewable~dep+*extend*DATE~num+NUMBER_SLOT']	22039.16	7.98578542831e-09	htmlPages2textPARSEDALL/http:||www.orkii.com|australia|freshwater-internal-renewable-per-capita.json
<location>Austria</location> Renewable internal freshwater resources per capita -LRB- cubic meters -RRB- 2011 : <number>6,529.25</number> , Cubic meters	Austria	Austria	renewable_freshwater_per_capita	6529.247765	3	[u'LOCATION_SLOT~-nn+renewable~dep+NUMBER_SLOT', u'*extend*meters~appos+LOCATION_SLOT~-nn+renewable~dep+NUMBER_SLOT', u'LOCATION_SLOT~-nn+renewable~dep+*extend*DATE~num+NUMBER_SLOT']	6529.25	3.42305895008e-07	htmlPages2textPARSEDALL/http:||www.orkii.com|austria|freshwater-internal-renewable-per-capita.json
<location>Azerbaijan</location> Renewable internal freshwater resources per capita -LRB- cubic meters -RRB- 2011 : <number>884.65</number> , Cubic meters	Azerbaijan	Azerbaijan	renewable_freshwater_per_capita	884.653598	3	[u'LOCATION_SLOT~-nn+renewable~dep+NUMBER_SLOT', u'*extend*meters~appos+LOCATION_SLOT~-nn+renewable~dep+NUMBER_SLOT', u'LOCATION_SLOT~-nn+renewable~dep+*extend*DATE~num+NUMBER_SLOT']	884.65	4.06712865708e-06	htmlPages2textPARSEDALL/http:||www.orkii.com|azerbaijan|freshwater-internal-renewable-per-capita.json
<location>Bahrain</location> Renewable internal freshwater resources per capita -LRB- cubic meters -RRB- 2011 : <number>3.09</number> , Cubic meters	Bahrain	Bahrain	renewable_freshwater_per_capita	3.094146	3	[u'LOCATION_SLOT~-nn+renewable~dep+NUMBER_SLOT', u'*extend*meters~appos+LOCATION_SLOT~-nn+renewable~dep+NUMBER_SLOT', u'LOCATION_SLOT~-nn+renewable~dep+*extend*DATE~num+NUMBER_SLOT']	3.09	0.00133994969856	htmlPages2textPARSEDALL/http:||www.orkii.com|bahrain|freshwater-internal-renewable-per-capita.json
<location>Bangladesh</location> Renewable internal freshwater resources per capita -LRB- cubic meters -RRB- 2011 : <number>686.89</number> , Cubic meters	Bangladesh	Bangladesh	renewable_freshwater_per_capita	686.892125	3	[u'LOCATION_SLOT~-nn+renewable~dep+NUMBER_SLOT', u'*extend*meters~appos+LOCATION_SLOT~-nn+renewable~dep+NUMBER_SLOT', u'LOCATION_SLOT~-nn+renewable~dep+*extend*DATE~num+NUMBER_SLOT']	686.89	3.09364443504e-06	htmlPages2textPARSEDALL/http:||www.orkii.com|bangladesh|freshwater-internal-renewable-per-capita.json
<location>Belarus</location> Renewable internal freshwater resources per capita -LRB- cubic meters -RRB- 2011 : <number>3,926.95</number> , Cubic meters	Belarus	Belarus	renewable_freshwater_per_capita	3926.95028	3	[u'LOCATION_SLOT~-nn+renewable~dep+NUMBER_SLOT', u'*extend*meters~appos+LOCATION_SLOT~-nn+renewable~dep+NUMBER_SLOT', u'LOCATION_SLOT~-nn+renewable~dep+*extend*DATE~num+NUMBER_SLOT']	3926.95	7.13021505845e-08	htmlPages2textPARSEDALL/http:||www.orkii.com|belarus|freshwater-internal-renewable-per-capita.json
<location>Belgium</location> Renewable internal freshwater resources per capita -LRB- cubic meters -RRB- 2011 : <number>1,086.19</number> , Cubic meters	Belgium	Belgium	renewable_freshwater_per_capita	1086.194611	3	[u'LOCATION_SLOT~-nn+renewable~dep+NUMBER_SLOT', u'*extend*meters~appos+LOCATION_SLOT~-nn+renewable~dep+NUMBER_SLOT', u'LOCATION_SLOT~-nn+renewable~dep+*extend*DATE~num+NUMBER_SLOT']	1086.19	4.24509563309e-06	htmlPages2textPARSEDALL/http:||www.orkii.com|belgium|freshwater-internal-renewable-per-capita.json
<location>Belize</location> Renewable internal freshwater resources per capita -LRB- cubic meters -RRB- 2011 : <number>50,588.09</number> , Cubic meters	Belize	Belize	renewable_freshwater_per_capita	50588.086506	3	[u'LOCATION_SLOT~-nn+renewable~dep+NUMBER_SLOT', u'*extend*meters~appos+LOCATION_SLOT~-nn+renewable~dep+NUMBER_SLOT', u'LOCATION_SLOT~-nn+renewable~dep+*extend*DATE~num+NUMBER_SLOT']	50588.09	6.90676449375e-08	htmlPages2textPARSEDALL/http:||www.orkii.com|belize|freshwater-internal-renewable-per-capita.json
<location>Benin</location> Renewable internal freshwater resources per capita -LRB- cubic meters -RRB- 2011 : <number>1,053.19</number> , Cubic meters	Benin	Benin	renewable_freshwater_per_capita	1053.19181	3	[u'LOCATION_SLOT~-nn+renewable~dep+NUMBER_SLOT', u'*extend*meters~appos+LOCATION_SLOT~-nn+renewable~dep+NUMBER_SLOT', u'LOCATION_SLOT~-nn+renewable~dep+*extend*DATE~num+NUMBER_SLOT']	1053.19	1.71858533535e-06	htmlPages2textPARSEDALL/http:||www.orkii.com|benin|freshwater-internal-renewable-per-capita.json
<location>Bhutan</location> Renewable internal freshwater resources per capita -LRB- cubic meters -RRB- 2011 : <number>106,932.96</number> , Cubic meters	Bhutan	Bhutan	renewable_freshwater_per_capita	106932.957149	3	[u'LOCATION_SLOT~-nn+renewable~dep+NUMBER_SLOT', u'*extend*meters~appos+LOCATION_SLOT~-nn+renewable~dep+NUMBER_SLOT', u'LOCATION_SLOT~-nn+renewable~dep+*extend*DATE~num+NUMBER_SLOT']	106932.96	2.66615652277e-08	htmlPages2textPARSEDALL/http:||www.orkii.com|bhutan|freshwater-internal-renewable-per-capita.json
<location>Bolivia</location> Renewable internal freshwater resources per capita -LRB- cubic meters -RRB- 2011 : <number>29,396.25</number> , Cubic meters	Bolivia	Bolivia	renewable_freshwater_per_capita	29396.253261	3	[u'LOCATION_SLOT~-nn+renewable~dep+NUMBER_SLOT', u'*extend*meters~appos+LOCATION_SLOT~-nn+renewable~dep+NUMBER_SLOT', u'LOCATION_SLOT~-nn+renewable~dep+*extend*DATE~num+NUMBER_SLOT']	29396.25	1.10932504653e-07	htmlPages2textPARSEDALL/http:||www.orkii.com|bolivia|freshwater-internal-renewable-per-capita.json
<location>Bosnia</location> and Herzegovina Renewable internal freshwater resources per capita -LRB- cubic meters -RRB- 2011 : <number>9,246.42</number> , Cubic meters	Bosnia	Bosnia and Herzegovina	renewable_freshwater_per_capita	9246.424238	4	[u'LOCATION_SLOT~-nn+renewable~dep+NUMBER_SLOT', u'LOCATION_SLOT~-nn+renewable~dep+*extend*resources~dep+NUMBER_SLOT', u'*extend*meters~appos+LOCATION_SLOT~-nn+renewable~dep+NUMBER_SLOT', u'LOCATION_SLOT~-nn+renewable~dep+*extend*DATE~num+NUMBER_SLOT']	9246.42	4.58339341831e-07	htmlPages2textPARSEDALL/http:||www.orkii.com|bosnia-and-herzegovina|freshwater-internal-renewable-per-capita.json
<location>Botswana</location> Renewable internal freshwater resources per capita -LRB- cubic meters -RRB- 2011 : <number>1,208.03</number> , Cubic meters	Botswana	Botswana	renewable_freshwater_per_capita	1208.032814	3	[u'LOCATION_SLOT~-nn+renewable~dep+NUMBER_SLOT', u'*extend*meters~appos+LOCATION_SLOT~-nn+renewable~dep+NUMBER_SLOT', u'LOCATION_SLOT~-nn+renewable~dep+*extend*DATE~num+NUMBER_SLOT']	1208.03	2.32940692284e-06	htmlPages2textPARSEDALL/http:||www.orkii.com|botswana|freshwater-internal-renewable-per-capita.json
<location>Brazil</location> Renewable internal freshwater resources per capita -LRB- cubic meters -RRB- 2011 : <number>27,511.60</number> , Cubic meters	Brazil	Brazil	renewable_freshwater_per_capita	27511.596788	3	[u'LOCATION_SLOT~-nn+renewable~dep+NUMBER_SLOT', u'*extend*meters~appos+LOCATION_SLOT~-nn+renewable~dep+NUMBER_SLOT', u'LOCATION_SLOT~-nn+renewable~dep+*extend*DATE~num+NUMBER_SLOT']	27511.6	1.16750766027e-07	htmlPages2textPARSEDALL/http:||www.orkii.com|brazil|freshwater-internal-renewable-per-capita.json
<location>Brunei</location> Darussalam Renewable internal freshwater resources per capita -LRB- cubic meters -RRB- 2011 : <number>20,909.59</number> , Cubic meters	Brunei	Brunei	renewable_freshwater_per_capita	20909.591845	4	[u'LOCATION_SLOT~-nn+renewable~dep+NUMBER_SLOT', u'LOCATION_SLOT~-nn+renewable~dep+*extend*resources~dep+NUMBER_SLOT', u'*extend*meters~appos+LOCATION_SLOT~-nn+renewable~dep+NUMBER_SLOT', u'LOCATION_SLOT~-nn+renewable~dep+*extend*DATE~num+NUMBER_SLOT']	20909.59	8.82370164154e-08	htmlPages2textPARSEDALL/http:||www.orkii.com|brunei-darussalam|freshwater-internal-renewable-per-capita.json
<location>Bulgaria</location> Renewable internal freshwater resources per capita -LRB- cubic meters -RRB- 2011 : <number>2,857.79</number> , Cubic meters	Bulgaria	Bulgaria	renewable_freshwater_per_capita	2857.792956	3	[u'LOCATION_SLOT~-nn+renewable~dep+NUMBER_SLOT', u'*extend*meters~appos+LOCATION_SLOT~-nn+renewable~dep+NUMBER_SLOT', u'LOCATION_SLOT~-nn+renewable~dep+*extend*DATE~num+NUMBER_SLOT']	2857.79	1.03436464619e-06	htmlPages2textPARSEDALL/http:||www.orkii.com|bulgaria|freshwater-internal-renewable-per-capita.json
<location>Burundi</location> Renewable internal freshwater resources per capita -LRB- cubic meters -RRB- 2011 : <number>1,054.47</number> , Cubic meters	Burundi	Burundi	renewable_freshwater_per_capita	1054.467325	3	[u'LOCATION_SLOT~-nn+renewable~dep+NUMBER_SLOT', u'*extend*meters~appos+LOCATION_SLOT~-nn+renewable~dep+NUMBER_SLOT', u'LOCATION_SLOT~-nn+renewable~dep+*extend*DATE~num+NUMBER_SLOT']	1054.47	2.53682588026e-06	htmlPages2textPARSEDALL/http:||www.orkii.com|burundi|freshwater-internal-renewable-per-capita.json
<location>Cameroon</location> Renewable internal freshwater resources per capita -LRB- cubic meters -RRB- 2011 : <number>12,903.97</number> , Cubic meters	Cameroon	Cameroon	renewable_freshwater_per_capita	12903.974765	3	[u'LOCATION_SLOT~-nn+renewable~dep+NUMBER_SLOT', u'*extend*meters~appos+LOCATION_SLOT~-nn+renewable~dep+NUMBER_SLOT', u'LOCATION_SLOT~-nn+renewable~dep+*extend*DATE~num+NUMBER_SLOT']	12903.97	3.6926606633e-07	htmlPages2textPARSEDALL/http:||www.orkii.com|cameroon|freshwater-internal-renewable-per-capita.json
<location>Canada</location> Renewable internal freshwater resources per capita -LRB- cubic meters -RRB- 2011 : <number>82,647.08</number> , Cubic meters	Canada	Canada	renewable_freshwater_per_capita	82647.084624	3	[u'LOCATION_SLOT~-nn+renewable~dep+NUMBER_SLOT', u'*extend*meters~appos+LOCATION_SLOT~-nn+renewable~dep+NUMBER_SLOT', u'LOCATION_SLOT~-nn+renewable~dep+*extend*DATE~num+NUMBER_SLOT']	82647.08	5.59487369073e-08	htmlPages2textPARSEDALL/http:||www.orkii.com|canada|freshwater-internal-renewable-per-capita.json
<location>Colombia</location> Renewable internal freshwater resources per capita -LRB- cubic meters -RRB- 2011 : <number>44,860.96</number> , Cubic meters	Colombia	Colombia	renewable_freshwater_per_capita	44860.964147	3	[u'LOCATION_SLOT~-nn+renewable~dep+NUMBER_SLOT', u'*extend*meters~appos+LOCATION_SLOT~-nn+renewable~dep+NUMBER_SLOT', u'LOCATION_SLOT~-nn+renewable~dep+*extend*DATE~num+NUMBER_SLOT']	44860.96	9.24411697007e-08	htmlPages2textPARSEDALL/http:||www.orkii.com|colombia|freshwater-internal-renewable-per-capita.json
<location>Congo</location> , Rep. Renewable internal freshwater resources per capita -LRB- cubic meters -RRB- 2011 : <number>52,539.91</number> , Cubic meters	Congo	Congo	renewable_freshwater_per_capita	52539.91436	4	[u'LOCATION_SLOT~-nn+renewable~dep+NUMBER_SLOT', u'LOCATION_SLOT~-nn+renewable~dep+*extend*resources~dep+NUMBER_SLOT', u'*extend*meters~appos+LOCATION_SLOT~-nn+renewable~dep+NUMBER_SLOT', u'LOCATION_SLOT~-nn+renewable~dep+*extend*DATE~num+NUMBER_SLOT']	52539.91	8.29845280889e-08	htmlPages2textPARSEDALL/http:||www.orkii.com|congo-rep|freshwater-internal-renewable-per-capita.json
<location>Croatia</location> Renewable internal freshwater resources per capita -LRB- cubic meters -RRB- 2011 : <number>8,807.18</number> , Cubic meters	Croatia	Croatia	renewable_freshwater_per_capita	8807.176564	3	[u'LOCATION_SLOT~-nn+renewable~dep+NUMBER_SLOT', u'*extend*meters~appos+LOCATION_SLOT~-nn+renewable~dep+NUMBER_SLOT', u'LOCATION_SLOT~-nn+renewable~dep+*extend*DATE~num+NUMBER_SLOT']	8807.18	3.90136382064e-07	htmlPages2textPARSEDALL/http:||www.orkii.com|croatia|freshwater-internal-renewable-per-capita.json
<location>Cyprus</location> Renewable internal freshwater resources per capita -LRB- cubic meters -RRB- 2011 : <number>698.60</number> , Cubic meters	Cyprus	Cyprus	renewable_freshwater_per_capita	698.603599	3	[u'LOCATION_SLOT~-nn+renewable~dep+NUMBER_SLOT', u'*extend*meters~appos+LOCATION_SLOT~-nn+renewable~dep+NUMBER_SLOT', u'LOCATION_SLOT~-nn+renewable~dep+*extend*DATE~num+NUMBER_SLOT']	698.6	5.15170549531e-06	htmlPages2textPARSEDALL/http:||www.orkii.com|cyprus|freshwater-internal-renewable-per-capita.json
<location>Denmark</location> Renewable internal freshwater resources per capita -LRB- cubic meters -RRB- 2011 : <number>1,077.09</number> , Cubic meters	Denmark	Denmark	renewable_freshwater_per_capita	1077.088672	3	[u'LOCATION_SLOT~-nn+renewable~dep+NUMBER_SLOT', u'*extend*meters~appos+LOCATION_SLOT~-nn+renewable~dep+NUMBER_SLOT', u'LOCATION_SLOT~-nn+renewable~dep+*extend*DATE~num+NUMBER_SLOT']	1077.09	1.23295326964e-06	htmlPages2textPARSEDALL/http:||www.orkii.com|denmark|freshwater-internal-renewable-per-capita.json
<location>Djibouti</location> Renewable internal freshwater resources per capita -LRB- cubic meters -RRB- 2011 : <number>354.34</number> , Cubic meters	Djibouti	Djibouti	renewable_freshwater_per_capita	354.339358	3	[u'LOCATION_SLOT~-nn+renewable~dep+NUMBER_SLOT', u'*extend*meters~appos+LOCATION_SLOT~-nn+renewable~dep+NUMBER_SLOT', u'LOCATION_SLOT~-nn+renewable~dep+*extend*DATE~num+NUMBER_SLOT']	354.34	1.81182243935e-06	htmlPages2textPARSEDALL/http:||www.orkii.com|djibouti|freshwater-internal-renewable-per-capita.json
<location>Ecuador</location> Renewable internal freshwater resources per capita -LRB- cubic meters -RRB- 2011 : <number>28,334.41</number> , Cubic meters	Ecuador	Ecuador	renewable_freshwater_per_capita	28334.407133	3	[u'LOCATION_SLOT~-nn+renewable~dep+NUMBER_SLOT', u'*extend*meters~appos+LOCATION_SLOT~-nn+renewable~dep+NUMBER_SLOT', u'LOCATION_SLOT~-nn+renewable~dep+*extend*DATE~num+NUMBER_SLOT']	28334.41	1.01184400499e-07	htmlPages2textPARSEDALL/http:||www.orkii.com|ecuador|freshwater-internal-renewable-per-capita.json
<location>Eritrea</location> Renewable internal freshwater resources per capita -LRB- cubic meters -RRB- 2011 : <number>471.95</number> , Cubic meters	Eritrea	Eritrea	renewable_freshwater_per_capita	471.948399	3	[u'LOCATION_SLOT~-nn+renewable~dep+NUMBER_SLOT', u'*extend*meters~appos+LOCATION_SLOT~-nn+renewable~dep+NUMBER_SLOT', u'LOCATION_SLOT~-nn+renewable~dep+*extend*DATE~num+NUMBER_SLOT']	471.95	3.39232001504e-06	htmlPages2textPARSEDALL/http:||www.orkii.com|eritrea|freshwater-internal-renewable-per-capita.json
<location>Estonia</location> Renewable internal freshwater resources per capita -LRB- cubic meters -RRB- 2011 : <number>9,485.58</number> , Cubic meters	Estonia	Estonia	renewable_freshwater_per_capita	9485.5843	3	[u'LOCATION_SLOT~-nn+renewable~dep+NUMBER_SLOT', u'*extend*meters~appos+LOCATION_SLOT~-nn+renewable~dep+NUMBER_SLOT', u'LOCATION_SLOT~-nn+renewable~dep+*extend*DATE~num+NUMBER_SLOT']	9485.58	4.53319465045e-07	htmlPages2textPARSEDALL/http:||www.orkii.com|estonia|freshwater-internal-renewable-per-capita.json
<location>Ethiopia</location> Renewable internal freshwater resources per capita -LRB- cubic meters -RRB- 2011 : <number>1,364.76</number> , Cubic meters	Ethiopia	Ethiopia	renewable_freshwater_per_capita	1364.759142	3	[u'LOCATION_SLOT~-nn+renewable~dep+NUMBER_SLOT', u'*extend*meters~appos+LOCATION_SLOT~-nn+renewable~dep+NUMBER_SLOT', u'LOCATION_SLOT~-nn+renewable~dep+*extend*DATE~num+NUMBER_SLOT']	1364.76	6.28682361213e-07	htmlPages2textPARSEDALL/http:||www.orkii.com|ethiopia|freshwater-internal-renewable-per-capita.json
<location>Fiji</location> Renewable internal freshwater resources per capita -LRB- cubic meters -RRB- 2011 : <number>32,894.70</number> , Cubic meters	Fiji	Fiji	renewable_freshwater_per_capita	32894.698942	3	[u'LOCATION_SLOT~-nn+renewable~dep+NUMBER_SLOT', u'*extend*meters~appos+LOCATION_SLOT~-nn+renewable~dep+NUMBER_SLOT', u'LOCATION_SLOT~-nn+renewable~dep+*extend*DATE~num+NUMBER_SLOT']	32894.7	3.21632368862e-08	htmlPages2textPARSEDALL/http:||www.orkii.com|fiji|freshwater-internal-renewable-per-capita.json
<location>Finland</location> Renewable internal freshwater resources per capita -LRB- cubic meters -RRB- 2011 : <number>19,857.94</number> , Cubic meters	Finland	Finland	renewable_freshwater_per_capita	19857.943326	3	[u'LOCATION_SLOT~-nn+renewable~dep+NUMBER_SLOT', u'*extend*meters~appos+LOCATION_SLOT~-nn+renewable~dep+NUMBER_SLOT', u'LOCATION_SLOT~-nn+renewable~dep+*extend*DATE~num+NUMBER_SLOT']	19857.94	1.67489651231e-07	htmlPages2textPARSEDALL/http:||www.orkii.com|finland|freshwater-internal-renewable-per-capita.json
<location>Gabon</location> Renewable internal freshwater resources per capita -LRB- cubic meters -RRB- 2011 : <number>102,883.63</number> , Cubic meters	Gabon	Gabon	renewable_freshwater_per_capita	102883.627325	3	[u'LOCATION_SLOT~-nn+renewable~dep+NUMBER_SLOT', u'*extend*meters~appos+LOCATION_SLOT~-nn+renewable~dep+NUMBER_SLOT', u'LOCATION_SLOT~-nn+renewable~dep+*extend*DATE~num+NUMBER_SLOT']	102883.63	2.60002497986e-08	htmlPages2textPARSEDALL/http:||www.orkii.com|gabon|freshwater-internal-renewable-per-capita.json
<location>Germany</location> Renewable internal freshwater resources per capita -LRB- cubic meters -RRB- 2011 : <number>1,308.11</number> , Cubic meters	Germany	Germany	renewable_freshwater_per_capita	1308.105672	3	[u'LOCATION_SLOT~-nn+renewable~dep+NUMBER_SLOT', u'*extend*meters~appos+LOCATION_SLOT~-nn+renewable~dep+NUMBER_SLOT', u'LOCATION_SLOT~-nn+renewable~dep+*extend*DATE~num+NUMBER_SLOT']	1308.11	3.30860120297e-06	htmlPages2textPARSEDALL/http:||www.orkii.com|germany|freshwater-internal-renewable-per-capita.json
<location>Ghana</location> Renewable internal freshwater resources per capita -LRB- cubic meters -RRB- 2011 : <number>1,220.75</number> , Cubic meters	Ghana	Ghana	renewable_freshwater_per_capita	1220.754962	3	[u'LOCATION_SLOT~-nn+renewable~dep+NUMBER_SLOT', u'*extend*meters~appos+LOCATION_SLOT~-nn+renewable~dep+NUMBER_SLOT', u'LOCATION_SLOT~-nn+renewable~dep+*extend*DATE~num+NUMBER_SLOT']	1220.75	4.06469779312e-06	htmlPages2textPARSEDALL/http:||www.orkii.com|ghana|freshwater-internal-renewable-per-capita.json
<location>Greece</location> Renewable internal freshwater resources per capita -LRB- cubic meters -RRB- 2011 : <number>5,132.75</number> , Cubic meters	Greece	Greece	renewable_freshwater_per_capita	5132.754264	3	[u'LOCATION_SLOT~-nn+renewable~dep+NUMBER_SLOT', u'*extend*meters~appos+LOCATION_SLOT~-nn+renewable~dep+NUMBER_SLOT', u'LOCATION_SLOT~-nn+renewable~dep+*extend*DATE~num+NUMBER_SLOT']	5132.75	8.30743063243e-07	htmlPages2textPARSEDALL/http:||www.orkii.com|greece|freshwater-internal-renewable-per-capita.json
<location>Guatemala</location> Renewable internal freshwater resources per capita -LRB- cubic meters -RRB- 2011 : <number>7,425.25</number> , Cubic meters	Guatemala	Guatemala	renewable_freshwater_per_capita	7425.248756	3	[u'LOCATION_SLOT~-nn+renewable~dep+NUMBER_SLOT', u'*extend*meters~appos+LOCATION_SLOT~-nn+renewable~dep+NUMBER_SLOT', u'LOCATION_SLOT~-nn+renewable~dep+*extend*DATE~num+NUMBER_SLOT']	7425.25	1.67536474658e-07	htmlPages2textPARSEDALL/http:||www.orkii.com|guatemala|freshwater-internal-renewable-per-capita.json
<location>Guinea-Bissau</location> Renewable internal freshwater resources per capita -LRB- cubic meters -RRB- 2011 : <number>9,850.83</number> , Cubic meters	Guinea-Bissau	Guinea-Bissau	renewable_freshwater_per_capita	9850.83375	3	[u'LOCATION_SLOT~-nn+renewable~dep+NUMBER_SLOT', u'*extend*meters~appos+LOCATION_SLOT~-nn+renewable~dep+NUMBER_SLOT', u'LOCATION_SLOT~-nn+renewable~dep+*extend*DATE~num+NUMBER_SLOT']	9850.83	3.80678437483e-07	htmlPages2textPARSEDALL/http:||www.orkii.com|guinea-bissau|freshwater-internal-renewable-per-capita.json
<location>Guyana</location> Renewable internal freshwater resources per capita -LRB- cubic meters -RRB- 2011 : <number>304,723.08</number> , Cubic meters	Guyana	Guyana	renewable_freshwater_per_capita	304723.081319	3	[u'LOCATION_SLOT~-nn+renewable~dep+NUMBER_SLOT', u'*extend*meters~appos+LOCATION_SLOT~-nn+renewable~dep+NUMBER_SLOT', u'LOCATION_SLOT~-nn+renewable~dep+*extend*DATE~num+NUMBER_SLOT']	304723.08	4.32852007102e-09	htmlPages2textPARSEDALL/http:||www.orkii.com|guyana|freshwater-internal-renewable-per-capita.json
<location>Hungary</location> Renewable internal freshwater resources per capita -LRB- cubic meters -RRB- 2011 : <number>601.70</number> , Cubic meters	Hungary	Hungary	renewable_freshwater_per_capita	601.70119	3	[u'LOCATION_SLOT~-nn+renewable~dep+NUMBER_SLOT', u'*extend*meters~appos+LOCATION_SLOT~-nn+renewable~dep+NUMBER_SLOT', u'LOCATION_SLOT~-nn+renewable~dep+*extend*DATE~num+NUMBER_SLOT']	601.7	1.97772585418e-06	htmlPages2textPARSEDALL/http:||www.orkii.com|hungary|freshwater-internal-renewable-per-capita.json
<location>Iceland</location> Renewable internal freshwater resources per capita -LRB- cubic meters -RRB- 2011 : <number>532,891.97</number> , Cubic meters	Iceland	Iceland	renewable_freshwater_per_capita	532891.973393	3	[u'LOCATION_SLOT~-nn+renewable~dep+NUMBER_SLOT', u'*extend*meters~appos+LOCATION_SLOT~-nn+renewable~dep+NUMBER_SLOT', u'LOCATION_SLOT~-nn+renewable~dep+*extend*DATE~num+NUMBER_SLOT']	532891.97	6.36714411398e-09	htmlPages2textPARSEDALL/http:||www.orkii.com|iceland|freshwater-internal-renewable-per-capita.json
<location>India</location> Renewable internal freshwater resources per capita -LRB- cubic meters -RRB- 2011 : <number>1,184.12</number> , Cubic meters	India	India	renewable_freshwater_per_capita	1184.123586	3	[u'LOCATION_SLOT~-nn+renewable~dep+NUMBER_SLOT', u'*extend*meters~appos+LOCATION_SLOT~-nn+renewable~dep+NUMBER_SLOT', u'LOCATION_SLOT~-nn+renewable~dep+*extend*DATE~num+NUMBER_SLOT']	1184.12	3.02840011164e-06	htmlPages2textPARSEDALL/http:||www.orkii.com|india|freshwater-internal-renewable-per-capita.json
<location>Indonesia</location> Renewable internal freshwater resources per capita -LRB- cubic meters -RRB- 2011 : <number>8,281.32</number> , Cubic meters	Indonesia	Indonesia	renewable_freshwater_per_capita	8281.322506	3	[u'LOCATION_SLOT~-nn+renewable~dep+NUMBER_SLOT', u'*extend*meters~appos+LOCATION_SLOT~-nn+renewable~dep+NUMBER_SLOT', u'LOCATION_SLOT~-nn+renewable~dep+*extend*DATE~num+NUMBER_SLOT']	8281.32	3.02608671369e-07	htmlPages2textPARSEDALL/http:||www.orkii.com|indonesia|freshwater-internal-renewable-per-capita.json
<location>Iran</location> Renewable internal freshwater resources per capita -LRB- cubic meters -RRB- 2011 : <number>1,703.70</number> , Cubic meters	Iran	Iran	renewable_freshwater_per_capita	1703.695302	3	[u'LOCATION_SLOT~-nn+renewable~dep+NUMBER_SLOT', u'*extend*meters~appos+LOCATION_SLOT~-nn+renewable~dep+NUMBER_SLOT', u'LOCATION_SLOT~-nn+renewable~dep+*extend*DATE~num+NUMBER_SLOT']	1703.7	2.75753533771e-06	htmlPages2textPARSEDALL/http:||www.orkii.com|iran|freshwater-internal-renewable-per-capita.json
<location>Iraq</location> Renewable internal freshwater resources per capita -LRB- cubic meters -RRB- 2011 : <number>1,108.31</number> , Cubic meters	Iraq	Iraq	renewable_freshwater_per_capita	1108.311645	3	[u'LOCATION_SLOT~-nn+renewable~dep+NUMBER_SLOT', u'*extend*meters~appos+LOCATION_SLOT~-nn+renewable~dep+NUMBER_SLOT', u'LOCATION_SLOT~-nn+renewable~dep+*extend*DATE~num+NUMBER_SLOT']	1108.31	1.48423957059e-06	htmlPages2textPARSEDALL/http:||www.orkii.com|iraq|freshwater-internal-renewable-per-capita.json
<location>Israel</location> Renewable internal freshwater resources per capita -LRB- cubic meters -RRB- 2011 : <number>96.58</number> , Cubic meters	Israel	Israel	renewable_freshwater_per_capita	96.576057	3	[u'LOCATION_SLOT~-nn+renewable~dep+NUMBER_SLOT', u'*extend*meters~appos+LOCATION_SLOT~-nn+renewable~dep+NUMBER_SLOT', u'LOCATION_SLOT~-nn+renewable~dep+*extend*DATE~num+NUMBER_SLOT']	96.58	4.08279248758e-05	htmlPages2textPARSEDALL/http:||www.orkii.com|israel|freshwater-internal-renewable-per-capita.json
<location>Japan</location> Renewable internal freshwater resources per capita -LRB- cubic meters -RRB- 2011 : <number>3,364.18</number> , Cubic meters	Japan	Japan	renewable_freshwater_per_capita	3364.177442	3	[u'LOCATION_SLOT~-nn+renewable~dep+NUMBER_SLOT', u'*extend*meters~appos+LOCATION_SLOT~-nn+renewable~dep+NUMBER_SLOT', u'LOCATION_SLOT~-nn+renewable~dep+*extend*DATE~num+NUMBER_SLOT']	3364.18	7.60364173348e-07	htmlPages2textPARSEDALL/http:||www.orkii.com|japan|freshwater-internal-renewable-per-capita.json
<location>Kazakhstan</location> Renewable internal freshwater resources per capita -LRB- cubic meters -RRB- 2011 : <number>3,886.18</number> , Cubic meters	Kazakhstan	Kazakhstan	renewable_freshwater_per_capita	3886.180272	3	[u'LOCATION_SLOT~-nn+renewable~dep+NUMBER_SLOT', u'*extend*meters~appos+LOCATION_SLOT~-nn+renewable~dep+NUMBER_SLOT', u'LOCATION_SLOT~-nn+renewable~dep+*extend*DATE~num+NUMBER_SLOT']	3886.18	6.9991606458e-08	htmlPages2textPARSEDALL/http:||www.orkii.com|kazakhstan|freshwater-internal-renewable-per-capita.json
<location>Kenya</location> Renewable internal freshwater resources per capita -LRB- cubic meters -RRB- 2011 : <number>492.53</number> , Cubic meters	Kenya	Kenya	renewable_freshwater_per_capita	492.530068	3	[u'LOCATION_SLOT~-nn+renewable~dep+NUMBER_SLOT', u'*extend*meters~appos+LOCATION_SLOT~-nn+renewable~dep+NUMBER_SLOT', u'LOCATION_SLOT~-nn+renewable~dep+*extend*DATE~num+NUMBER_SLOT']	492.53	1.38062637134e-07	htmlPages2textPARSEDALL/http:||www.orkii.com|kenya|freshwater-internal-renewable-per-capita.json
<location>Kuwait</location> Renewable internal freshwater resources per capita -LRB- cubic meters -RRB- 2011 : <number>0.00</number> , Cubic meters	Kuwait	Kuwait	renewable_freshwater_per_capita	0.0	3	[u'LOCATION_SLOT~-nn+renewable~dep+NUMBER_SLOT', u'*extend*meters~appos+LOCATION_SLOT~-nn+renewable~dep+NUMBER_SLOT', u'LOCATION_SLOT~-nn+renewable~dep+*extend*DATE~num+NUMBER_SLOT']	0.0	undef	htmlPages2textPARSEDALL/http:||www.orkii.com|kuwait|freshwater-internal-renewable-per-capita.json
<location>Kyrgyzstan</location> Renewable internal freshwater resources per capita -LRB- cubic meters -RRB- 2011 : <number>8,872.81</number> , Cubic meters	Kyrgyzstan	Kyrgyzstan	renewable_freshwater_per_capita	8872.810358	3	[u'LOCATION_SLOT~-nn+renewable~dep+NUMBER_SLOT', u'*extend*meters~appos+LOCATION_SLOT~-nn+renewable~dep+NUMBER_SLOT', u'LOCATION_SLOT~-nn+renewable~dep+*extend*DATE~num+NUMBER_SLOT']	8872.81	4.03479829612e-08	htmlPages2textPARSEDALL/http:||www.orkii.com|kyrgyzstan|freshwater-internal-renewable-per-capita.json
<location>Latvia</location> Renewable internal freshwater resources per capita -LRB- cubic meters -RRB- 2011 : <number>8,133.38</number> , Cubic meters	Latvia	Latvia	renewable_freshwater_per_capita	8133.383604	3	[u'LOCATION_SLOT~-nn+renewable~dep+NUMBER_SLOT', u'*extend*meters~appos+LOCATION_SLOT~-nn+renewable~dep+NUMBER_SLOT', u'LOCATION_SLOT~-nn+renewable~dep+*extend*DATE~num+NUMBER_SLOT']	8133.38	4.43112015246e-07	htmlPages2textPARSEDALL/http:||www.orkii.com|latvia|freshwater-internal-renewable-per-capita.json
<location>Liberia</location> Renewable internal freshwater resources per capita -LRB- cubic meters -RRB- 2011 : <number>49,023.25</number> , Cubic meters	Liberia	Liberia	renewable_freshwater_per_capita	49023.24854	3	[u'LOCATION_SLOT~-nn+renewable~dep+NUMBER_SLOT', u'*extend*meters~appos+LOCATION_SLOT~-nn+renewable~dep+NUMBER_SLOT', u'LOCATION_SLOT~-nn+renewable~dep+*extend*DATE~num+NUMBER_SLOT']	49023.25	2.97817880899e-08	htmlPages2textPARSEDALL/http:||www.orkii.com|liberia|freshwater-internal-renewable-per-capita.json
<location>Libya</location> Renewable internal freshwater resources per capita -LRB- cubic meters -RRB- 2011 : <number>114.69</number> , Cubic meters	Libya	Libya	renewable_freshwater_per_capita	114.693311	3	[u'LOCATION_SLOT~-nn+renewable~dep+NUMBER_SLOT', u'*extend*meters~appos+LOCATION_SLOT~-nn+renewable~dep+NUMBER_SLOT', u'LOCATION_SLOT~-nn+renewable~dep+*extend*DATE~num+NUMBER_SLOT']	114.69	2.88682920663e-05	htmlPages2textPARSEDALL/http:||www.orkii.com|libya|freshwater-internal-renewable-per-capita.json
<location>Lithuania</location> Renewable internal freshwater resources per capita -LRB- cubic meters -RRB- 2011 : <number>5,135.02</number> , Cubic meters	Lithuania	Lithuania	renewable_freshwater_per_capita	5135.020344	3	[u'LOCATION_SLOT~-nn+renewable~dep+NUMBER_SLOT', u'*extend*meters~appos+LOCATION_SLOT~-nn+renewable~dep+NUMBER_SLOT', u'LOCATION_SLOT~-nn+renewable~dep+*extend*DATE~num+NUMBER_SLOT']	5135.02	6.69909710355e-08	htmlPages2textPARSEDALL/http:||www.orkii.com|lithuania|freshwater-internal-renewable-per-capita.json
<location>Macedonia</location> , FYR Renewable internal freshwater resources per capita -LRB- cubic meters -RRB- 2011 : <number>2,566.67</number> , Cubic meters	Macedonia	Republic of Macedonia	renewable_freshwater_per_capita	2566.674113	4	[u'LOCATION_SLOT~-nn+renewable~dep+NUMBER_SLOT', u'LOCATION_SLOT~-nn+renewable~dep+*extend*resources~dep+NUMBER_SLOT', u'*extend*meters~appos+LOCATION_SLOT~-nn+renewable~dep+NUMBER_SLOT', u'LOCATION_SLOT~-nn+renewable~dep+*extend*DATE~num+NUMBER_SLOT']	2566.67	1.60246288344e-06	htmlPages2textPARSEDALL/http:||www.orkii.com|macedonia|freshwater-internal-renewable-per-capita.json
<location>Malawi</location> Renewable internal freshwater resources per capita -LRB- cubic meters -RRB- 2011 : <number>1,044.15</number> , Cubic meters	Malawi	Malawi	renewable_freshwater_per_capita	1044.15123	3	[u'LOCATION_SLOT~-nn+renewable~dep+NUMBER_SLOT', u'*extend*meters~appos+LOCATION_SLOT~-nn+renewable~dep+NUMBER_SLOT', u'LOCATION_SLOT~-nn+renewable~dep+*extend*DATE~num+NUMBER_SLOT']	1044.15	1.17799028006e-06	htmlPages2textPARSEDALL/http:||www.orkii.com|malawi|freshwater-internal-renewable-per-capita.json
<location>Malaysia</location> Renewable internal freshwater resources per capita -LRB- cubic meters -RRB- 2011 : <number>20,167.62</number> , Cubic meters	Malaysia	Malaysia	renewable_freshwater_per_capita	20167.622148	3	[u'LOCATION_SLOT~-nn+renewable~dep+NUMBER_SLOT', u'*extend*meters~appos+LOCATION_SLOT~-nn+renewable~dep+NUMBER_SLOT', u'LOCATION_SLOT~-nn+renewable~dep+*extend*DATE~num+NUMBER_SLOT']	20167.62	1.06507350436e-07	htmlPages2textPARSEDALL/http:||www.orkii.com|malaysia|freshwater-internal-renewable-per-capita.json
<location>Mali</location> Renewable internal freshwater resources per capita -LRB- cubic meters -RRB- 2011 : <number>4,161.83</number> , Cubic meters	Mali	Mali	renewable_freshwater_per_capita	4161.829407	3	[u'LOCATION_SLOT~-nn+renewable~dep+NUMBER_SLOT', u'*extend*meters~appos+LOCATION_SLOT~-nn+renewable~dep+NUMBER_SLOT', u'LOCATION_SLOT~-nn+renewable~dep+*extend*DATE~num+NUMBER_SLOT']	4161.83	1.42485417292e-07	htmlPages2textPARSEDALL/http:||www.orkii.com|mali|freshwater-internal-renewable-per-capita.json
<location>Mauritania</location> Renewable internal freshwater resources per capita -LRB- cubic meters -RRB- 2011 : <number>108.03</number> , Cubic meters	Mauritania	Mauritania	renewable_freshwater_per_capita	108.027438	3	[u'LOCATION_SLOT~-nn+renewable~dep+NUMBER_SLOT', u'*extend*meters~appos+LOCATION_SLOT~-nn+renewable~dep+NUMBER_SLOT', u'LOCATION_SLOT~-nn+renewable~dep+*extend*DATE~num+NUMBER_SLOT']	108.03	2.37161969906e-05	htmlPages2textPARSEDALL/http:||www.orkii.com|mauritania|freshwater-internal-renewable-per-capita.json
<location>Mauritius</location> Renewable internal freshwater resources per capita -LRB- cubic meters -RRB- 2011 : <number>2,139.11</number> , Cubic meters	Mauritius	Mauritius	renewable_freshwater_per_capita	2139.106458	3	[u'LOCATION_SLOT~-nn+renewable~dep+NUMBER_SLOT', u'*extend*meters~appos+LOCATION_SLOT~-nn+renewable~dep+NUMBER_SLOT', u'LOCATION_SLOT~-nn+renewable~dep+*extend*DATE~num+NUMBER_SLOT']	2139.11	1.65583156775e-06	htmlPages2textPARSEDALL/http:||www.orkii.com|mauritius|freshwater-internal-renewable-per-capita.json
<location>Moldova</location> Renewable internal freshwater resources per capita -LRB- cubic meters -RRB- 2011 : <number>280.84</number> , Cubic meters	Moldova	Moldova	renewable_freshwater_per_capita	280.835688	3	[u'LOCATION_SLOT~-nn+renewable~dep+NUMBER_SLOT', u'*extend*meters~appos+LOCATION_SLOT~-nn+renewable~dep+NUMBER_SLOT', u'LOCATION_SLOT~-nn+renewable~dep+*extend*DATE~num+NUMBER_SLOT']	280.84	1.53541739324e-05	htmlPages2textPARSEDALL/http:||www.orkii.com|moldova|freshwater-internal-renewable-per-capita.json
<location>Mongolia</location> Renewable internal freshwater resources per capita -LRB- cubic meters -RRB- 2011 : <number>12,635.21</number> , Cubic meters	Mongolia	Mongolia	renewable_freshwater_per_capita	12635.206696	3	[u'LOCATION_SLOT~-nn+renewable~dep+NUMBER_SLOT', u'*extend*meters~appos+LOCATION_SLOT~-nn+renewable~dep+NUMBER_SLOT', u'LOCATION_SLOT~-nn+renewable~dep+*extend*DATE~num+NUMBER_SLOT']	12635.21	2.61491567122e-07	htmlPages2textPARSEDALL/http:||www.orkii.com|mongolia|freshwater-internal-renewable-per-capita.json
<location>Morocco</location> Renewable internal freshwater resources per capita -LRB- cubic meters -RRB- 2011 : <number>904.57</number> , Cubic meters	Morocco	Morocco	renewable_freshwater_per_capita	904.570213	3	[u'LOCATION_SLOT~-nn+renewable~dep+NUMBER_SLOT', u'*extend*meters~appos+LOCATION_SLOT~-nn+renewable~dep+NUMBER_SLOT', u'LOCATION_SLOT~-nn+renewable~dep+*extend*DATE~num+NUMBER_SLOT']	904.57	2.35470941731e-07	htmlPages2textPARSEDALL/http:||www.orkii.com|morocco|freshwater-internal-renewable-per-capita.json
<location>Namibia</location> Renewable internal freshwater resources per capita -LRB- cubic meters -RRB- 2011 : <number>2,777.76</number> , Cubic meters	Namibia	Namibia	renewable_freshwater_per_capita	2777.755231	3	[u'LOCATION_SLOT~-nn+renewable~dep+NUMBER_SLOT', u'*extend*meters~appos+LOCATION_SLOT~-nn+renewable~dep+NUMBER_SLOT', u'LOCATION_SLOT~-nn+renewable~dep+*extend*DATE~num+NUMBER_SLOT']	2777.76	1.71685393547e-06	htmlPages2textPARSEDALL/http:||www.orkii.com|namibia|freshwater-internal-renewable-per-capita.json
<location>Nepal</location> Renewable internal freshwater resources per capita -LRB- cubic meters -RRB- 2011 : <number>7,298.47</number> , Cubic meters	Nepal	Nepal	renewable_freshwater_per_capita	7298.472583	3	[u'LOCATION_SLOT~-nn+renewable~dep+NUMBER_SLOT', u'*extend*meters~appos+LOCATION_SLOT~-nn+renewable~dep+NUMBER_SLOT', u'LOCATION_SLOT~-nn+renewable~dep+*extend*DATE~num+NUMBER_SLOT']	7298.47	3.53909666732e-07	htmlPages2textPARSEDALL/http:||www.orkii.com|nepal|freshwater-internal-renewable-per-capita.json
<location>Nicaragua</location> Renewable internal freshwater resources per capita -LRB- cubic meters -RRB- 2011 : <number>32,124.52</number> , Cubic meters	Nicaragua	Nicaragua	renewable_freshwater_per_capita	32124.523255	3	[u'LOCATION_SLOT~-nn+renewable~dep+NUMBER_SLOT', u'*extend*meters~appos+LOCATION_SLOT~-nn+renewable~dep+NUMBER_SLOT', u'LOCATION_SLOT~-nn+renewable~dep+*extend*DATE~num+NUMBER_SLOT']	32124.52	1.01324460873e-07	htmlPages2textPARSEDALL/http:||www.orkii.com|nicaragua|freshwater-internal-renewable-per-capita.json
<location>Korea</location> , North Renewable internal freshwater resources per capita -LRB- cubic meters -RRB- 2011 : <number>2,720.12</number> , Cubic meters	Korea	South Korea	renewable_freshwater_per_capita	1302.758191	4	[u'LOCATION_SLOT~-nn+renewable~dep+NUMBER_SLOT', u'LOCATION_SLOT~-nn+renewable~dep+*extend*resources~dep+NUMBER_SLOT', u'*extend*meters~appos+LOCATION_SLOT~-nn+renewable~dep+NUMBER_SLOT', u'LOCATION_SLOT~-nn+renewable~dep+*extend*DATE~num+NUMBER_SLOT']	2720.12	1.0879699846	htmlPages2textPARSEDALL/http:||www.orkii.com|north-korea|freshwater-internal-renewable-per-capita.json
<location>Norway</location> Renewable internal freshwater resources per capita -LRB- cubic meters -RRB- 2011 : <number>77,123.60</number> , Cubic meters	Norway	Norway	renewable_freshwater_per_capita	77123.604507	3	[u'LOCATION_SLOT~-nn+renewable~dep+NUMBER_SLOT', u'*extend*meters~appos+LOCATION_SLOT~-nn+renewable~dep+NUMBER_SLOT', u'LOCATION_SLOT~-nn+renewable~dep+*extend*DATE~num+NUMBER_SLOT']	77123.6	5.84386585581e-08	htmlPages2textPARSEDALL/http:||www.orkii.com|norway|freshwater-internal-renewable-per-capita.json
<location>Oman</location> Renewable internal freshwater resources per capita -LRB- cubic meters -RRB- 2011 : <number>462.84</number> , Cubic meters	Oman	Oman	renewable_freshwater_per_capita	462.844497	3	[u'LOCATION_SLOT~-nn+renewable~dep+NUMBER_SLOT', u'*extend*meters~appos+LOCATION_SLOT~-nn+renewable~dep+NUMBER_SLOT', u'LOCATION_SLOT~-nn+renewable~dep+*extend*DATE~num+NUMBER_SLOT']	462.84	9.71600619466e-06	htmlPages2textPARSEDALL/http:||www.orkii.com|oman|freshwater-internal-renewable-per-capita.json
<location>Pakistan</location> Renewable internal freshwater resources per capita -LRB- cubic meters -RRB- 2011 : <number>312.20</number> , Cubic meters	Pakistan	Pakistan	renewable_freshwater_per_capita	312.204908	3	[u'LOCATION_SLOT~-nn+renewable~dep+NUMBER_SLOT', u'*extend*meters~appos+LOCATION_SLOT~-nn+renewable~dep+NUMBER_SLOT', u'LOCATION_SLOT~-nn+renewable~dep+*extend*DATE~num+NUMBER_SLOT']	312.2	1.57204447279e-05	htmlPages2textPARSEDALL/http:||www.orkii.com|pakistan|freshwater-internal-renewable-per-capita.json
<location>Papua New Guinea</location> Renewable internal freshwater resources per capita -LRB- cubic meters -RRB- 2011 : <number>114,216.83</number> , Cubic meters	Papua New Guinea	Papua New Guinea	renewable_freshwater_per_capita	114216.829743	9	[u'LOCATION_SLOT~-nn+renewable~dep+NUMBER_SLOT', u'*extend*meters~appos+LOCATION_SLOT~-nn+renewable~dep+NUMBER_SLOT', u'LOCATION_SLOT~-nn+renewable~dep+*extend*DATE~num+NUMBER_SLOT', u'LOCATION_SLOT~-nn+renewable~dep+NUMBER_SLOT', u'*extend*meters~appos+LOCATION_SLOT~-nn+renewable~dep+NUMBER_SLOT', u'LOCATION_SLOT~-nn+renewable~dep+*extend*DATE~num+NUMBER_SLOT', u'LOCATION_SLOT~-nn+renewable~dep+NUMBER_SLOT', u'*extend*meters~appos+LOCATION_SLOT~-nn+renewable~dep+NUMBER_SLOT', u'LOCATION_SLOT~-nn+renewable~dep+*extend*DATE~num+NUMBER_SLOT']	114216.83	2.25010628947e-09	htmlPages2textPARSEDALL/http:||www.orkii.com|papua-new-guinea|freshwater-internal-renewable-per-capita.json
<location>Paraguay</location> Renewable internal freshwater resources per capita -LRB- cubic meters -RRB- 2011 : <number>14,300.72</number> , Cubic meters	Paraguay	Paraguay	renewable_freshwater_per_capita	14300.716998	3	[u'LOCATION_SLOT~-nn+renewable~dep+NUMBER_SLOT', u'*extend*meters~appos+LOCATION_SLOT~-nn+renewable~dep+NUMBER_SLOT', u'LOCATION_SLOT~-nn+renewable~dep+*extend*DATE~num+NUMBER_SLOT']	14300.72	2.09919544586e-07	htmlPages2textPARSEDALL/http:||www.orkii.com|paraguay|freshwater-internal-renewable-per-capita.json
<location>Portugal</location> Renewable internal freshwater resources per capita -LRB- cubic meters -RRB- 2011 : <number>3,599.51</number> , Cubic meters	Portugal	Portugal	renewable_freshwater_per_capita	3599.507777	3	[u'LOCATION_SLOT~-nn+renewable~dep+NUMBER_SLOT', u'*extend*meters~appos+LOCATION_SLOT~-nn+renewable~dep+NUMBER_SLOT', u'LOCATION_SLOT~-nn+renewable~dep+*extend*DATE~num+NUMBER_SLOT']	3599.51	6.17584441578e-07	htmlPages2textPARSEDALL/http:||www.orkii.com|portugal|freshwater-internal-renewable-per-capita.json
<location>Romania</location> Renewable internal freshwater resources per capita -LRB- cubic meters -RRB- 2011 : <number>1,978.04</number> , Cubic meters	Romania	Romania	renewable_freshwater_per_capita	1978.037517	3	[u'LOCATION_SLOT~-nn+renewable~dep+NUMBER_SLOT', u'*extend*meters~appos+LOCATION_SLOT~-nn+renewable~dep+NUMBER_SLOT', u'LOCATION_SLOT~-nn+renewable~dep+*extend*DATE~num+NUMBER_SLOT']	1978.04	1.25528458315e-06	htmlPages2textPARSEDALL/http:||www.orkii.com|romania|freshwater-internal-renewable-per-capita.json
<location>Russia</location> Renewable internal freshwater resources per capita -LRB- cubic meters -RRB- 2011 : <number>30,169.28</number> , Cubic meters	Russia	Russia	renewable_freshwater_per_capita	30169.27812	3	[u'LOCATION_SLOT~-nn+renewable~dep+NUMBER_SLOT', u'*extend*meters~appos+LOCATION_SLOT~-nn+renewable~dep+NUMBER_SLOT', u'LOCATION_SLOT~-nn+renewable~dep+*extend*DATE~num+NUMBER_SLOT']	30169.28	6.23150475236e-08	htmlPages2textPARSEDALL/http:||www.orkii.com|russia|freshwater-internal-renewable-per-capita.json
<location>Rwanda</location> Renewable internal freshwater resources per capita -LRB- cubic meters -RRB- 2011 : <number>852.45</number> , Cubic meters	Rwanda	Rwanda	renewable_freshwater_per_capita	852.452573	3	[u'LOCATION_SLOT~-nn+renewable~dep+NUMBER_SLOT', u'*extend*meters~appos+LOCATION_SLOT~-nn+renewable~dep+NUMBER_SLOT', u'LOCATION_SLOT~-nn+renewable~dep+*extend*DATE~num+NUMBER_SLOT']	852.45	3.01834973754e-06	htmlPages2textPARSEDALL/http:||www.orkii.com|rwanda|freshwater-internal-renewable-per-capita.json
<location>Senegal</location> Renewable internal freshwater resources per capita -LRB- cubic meters -RRB- 2011 : <number>1,935.38</number> , Cubic meters	Senegal	Senegal	renewable_freshwater_per_capita	1935.376866	3	[u'LOCATION_SLOT~-nn+renewable~dep+NUMBER_SLOT', u'*extend*meters~appos+LOCATION_SLOT~-nn+renewable~dep+NUMBER_SLOT', u'LOCATION_SLOT~-nn+renewable~dep+*extend*DATE~num+NUMBER_SLOT']	1935.38	1.61932285908e-06	htmlPages2textPARSEDALL/http:||www.orkii.com|senegal|freshwater-internal-renewable-per-capita.json
<location>Serbia</location> Renewable internal freshwater resources per capita -LRB- cubic meters -RRB- 2011 : <number>1,158.19</number> , Cubic meters	Serbia	Serbia	renewable_freshwater_per_capita	1158.189191	3	[u'LOCATION_SLOT~-nn+renewable~dep+NUMBER_SLOT', u'*extend*meters~appos+LOCATION_SLOT~-nn+renewable~dep+NUMBER_SLOT', u'LOCATION_SLOT~-nn+renewable~dep+*extend*DATE~num+NUMBER_SLOT']	1158.19	6.98504187748e-07	htmlPages2textPARSEDALL/http:||www.orkii.com|serbia|freshwater-internal-renewable-per-capita.json
<location>Singapore</location> Renewable internal freshwater resources per capita -LRB- cubic meters -RRB- 2011 : <number>115.75</number> , Cubic meters	Singapore	Singapore	renewable_freshwater_per_capita	115.747439	3	[u'LOCATION_SLOT~-nn+renewable~dep+NUMBER_SLOT', u'*extend*meters~appos+LOCATION_SLOT~-nn+renewable~dep+NUMBER_SLOT', u'LOCATION_SLOT~-nn+renewable~dep+*extend*DATE~num+NUMBER_SLOT']	115.75	2.21257595168e-05	htmlPages2textPARSEDALL/http:||www.orkii.com|singapore|freshwater-internal-renewable-per-capita.json
<location>Slovakia</location> Renewable internal freshwater resources per capita -LRB- cubic meters -RRB- 2011 : <number>2,334.03</number> , Cubic meters	Slovakia	Slovakia	renewable_freshwater_per_capita	2334.031814	3	[u'LOCATION_SLOT~-nn+renewable~dep+NUMBER_SLOT', u'*extend*meters~appos+LOCATION_SLOT~-nn+renewable~dep+NUMBER_SLOT', u'LOCATION_SLOT~-nn+renewable~dep+*extend*DATE~num+NUMBER_SLOT']	2334.03	7.77195918607e-07	htmlPages2textPARSEDALL/http:||www.orkii.com|slovakia|freshwater-internal-renewable-per-capita.json
<location>Slovenia</location> Renewable internal freshwater resources per capita -LRB- cubic meters -RRB- 2011 : <number>9,094.70</number> , Cubic meters	Slovenia	Slovenia	renewable_freshwater_per_capita	9094.704271	3	[u'LOCATION_SLOT~-nn+renewable~dep+NUMBER_SLOT', u'*extend*meters~appos+LOCATION_SLOT~-nn+renewable~dep+NUMBER_SLOT', u'LOCATION_SLOT~-nn+renewable~dep+*extend*DATE~num+NUMBER_SLOT']	9094.7	4.6961395033e-07	htmlPages2textPARSEDALL/http:||www.orkii.com|slovenia|freshwater-internal-renewable-per-capita.json
<location>Korea</location> , South Renewable internal freshwater resources per capita -LRB- cubic meters -RRB- 2011 : <number>1,302.76</number> , Cubic meters	Korea	South Korea	renewable_freshwater_per_capita	1302.758191	4	[u'LOCATION_SLOT~-nn+renewable~dep+NUMBER_SLOT', u'LOCATION_SLOT~-nn+renewable~dep+*extend*resources~dep+NUMBER_SLOT', u'*extend*meters~appos+LOCATION_SLOT~-nn+renewable~dep+NUMBER_SLOT', u'LOCATION_SLOT~-nn+renewable~dep+*extend*DATE~num+NUMBER_SLOT']	1302.76	1.38859230561e-06	htmlPages2textPARSEDALL/http:||www.orkii.com|south-korea|freshwater-internal-renewable-per-capita.json
<location>Spain</location> Renewable internal freshwater resources per capita -LRB- cubic meters -RRB- 2011 : <number>2,408.25</number> , Cubic meters	Spain	Spain	renewable_freshwater_per_capita	2408.250371	3	[u'LOCATION_SLOT~-nn+renewable~dep+NUMBER_SLOT', u'*extend*meters~appos+LOCATION_SLOT~-nn+renewable~dep+NUMBER_SLOT', u'LOCATION_SLOT~-nn+renewable~dep+*extend*DATE~num+NUMBER_SLOT']	2408.25	1.5405374979e-07	htmlPages2textPARSEDALL/http:||www.orkii.com|spain|freshwater-internal-renewable-per-capita.json
<location>Sudan</location> Renewable internal freshwater resources per capita -LRB- cubic meters -RRB- 2011 : <number>640.86</number> , Cubic meters	Sudan	Sudan	renewable_freshwater_per_capita	640.860866	3	[u'LOCATION_SLOT~-nn+renewable~dep+NUMBER_SLOT', u'*extend*meters~appos+LOCATION_SLOT~-nn+renewable~dep+NUMBER_SLOT', u'LOCATION_SLOT~-nn+renewable~dep+*extend*DATE~num+NUMBER_SLOT']	640.86	1.35130735222e-06	htmlPages2textPARSEDALL/http:||www.orkii.com|sudan|freshwater-internal-renewable-per-capita.json
<location>Swaziland</location> Renewable internal freshwater resources per capita -LRB- cubic meters -RRB- 2011 : <number>2,177.93</number> , Cubic meters	Swaziland	Swaziland	renewable_freshwater_per_capita	2177.932103	3	[u'LOCATION_SLOT~-nn+renewable~dep+NUMBER_SLOT', u'*extend*meters~appos+LOCATION_SLOT~-nn+renewable~dep+NUMBER_SLOT', u'LOCATION_SLOT~-nn+renewable~dep+*extend*DATE~num+NUMBER_SLOT']	2177.93	9.65594839878e-07	htmlPages2textPARSEDALL/http:||www.orkii.com|swaziland|freshwater-internal-renewable-per-capita.json
<location>Sweden</location> Renewable internal freshwater resources per capita -LRB- cubic meters -RRB- 2011 : <number>18,096.75</number> , Cubic meters	Sweden	Sweden	renewable_freshwater_per_capita	18096.7452	3	[u'LOCATION_SLOT~-nn+renewable~dep+NUMBER_SLOT', u'*extend*meters~appos+LOCATION_SLOT~-nn+renewable~dep+NUMBER_SLOT', u'LOCATION_SLOT~-nn+renewable~dep+*extend*DATE~num+NUMBER_SLOT']	18096.75	2.65241066598e-07	htmlPages2textPARSEDALL/http:||www.orkii.com|sweden|freshwater-internal-renewable-per-capita.json
<location>Syria</location> Renewable internal freshwater resources per capita -LRB- cubic meters -RRB- 2011 : <number>324.75</number> , Cubic meters	Syria	Syria	renewable_freshwater_per_capita	324.747528	3	[u'LOCATION_SLOT~-nn+renewable~dep+NUMBER_SLOT', u'*extend*meters~appos+LOCATION_SLOT~-nn+renewable~dep+NUMBER_SLOT', u'LOCATION_SLOT~-nn+renewable~dep+*extend*DATE~num+NUMBER_SLOT']	324.75	7.61206718104e-06	htmlPages2textPARSEDALL/http:||www.orkii.com|syria|freshwater-internal-renewable-per-capita.json
<location>Tajikistan</location> Renewable internal freshwater resources per capita -LRB- cubic meters -RRB- 2011 : <number>8,120.44</number> , Cubic meters	Tajikistan	Tajikistan	renewable_freshwater_per_capita	8120.437372	3	[u'LOCATION_SLOT~-nn+renewable~dep+NUMBER_SLOT', u'*extend*meters~appos+LOCATION_SLOT~-nn+renewable~dep+NUMBER_SLOT', u'LOCATION_SLOT~-nn+renewable~dep+*extend*DATE~num+NUMBER_SLOT']	8120.44	3.23627888362e-07	htmlPages2textPARSEDALL/http:||www.orkii.com|tajikistan|freshwater-internal-renewable-per-capita.json
<location>Tanzania</location> Renewable internal freshwater resources per capita -LRB- cubic meters -RRB- 2011 : <number>1,812.12</number> , Cubic meters	Tanzania	Tanzania	renewable_freshwater_per_capita	1812.117618	3	[u'LOCATION_SLOT~-nn+renewable~dep+NUMBER_SLOT', u'*extend*meters~appos+LOCATION_SLOT~-nn+renewable~dep+NUMBER_SLOT', u'LOCATION_SLOT~-nn+renewable~dep+*extend*DATE~num+NUMBER_SLOT']	1812.12	1.31448421241e-06	htmlPages2textPARSEDALL/http:||www.orkii.com|tanzania|freshwater-internal-renewable-per-capita.json
<location>Thailand</location> Renewable internal freshwater resources per capita -LRB- cubic meters -RRB- 2011 : <number>3,372.07</number> , Cubic meters	Thailand	Thailand	renewable_freshwater_per_capita	3372.069221	3	[u'LOCATION_SLOT~-nn+renewable~dep+NUMBER_SLOT', u'*extend*meters~appos+LOCATION_SLOT~-nn+renewable~dep+NUMBER_SLOT', u'LOCATION_SLOT~-nn+renewable~dep+*extend*DATE~num+NUMBER_SLOT']	3372.07	2.31015423739e-07	htmlPages2textPARSEDALL/http:||www.orkii.com|thailand|freshwater-internal-renewable-per-capita.json
<location>Trinidad and Tobago</location> Renewable internal freshwater resources per capita -LRB- cubic meters -RRB- 2011 : <number>2,880.54</number> , Cubic meters	Trinidad and Tobago	Trinidad and Tobago	renewable_freshwater_per_capita	2880.542982	8	[u'LOCATION_SLOT~-nn+renewable~dep+NUMBER_SLOT', u'LOCATION_SLOT~-nn+renewable~dep+*extend*resources~dep+NUMBER_SLOT', u'*extend*meters~appos+LOCATION_SLOT~-nn+renewable~dep+NUMBER_SLOT', u'LOCATION_SLOT~-nn+renewable~dep+*extend*DATE~num+NUMBER_SLOT', u'LOCATION_SLOT~-nn+renewable~dep+NUMBER_SLOT', u'LOCATION_SLOT~-nn+renewable~dep+*extend*resources~dep+NUMBER_SLOT', u'*extend*meters~appos+LOCATION_SLOT~-nn+renewable~dep+NUMBER_SLOT', u'LOCATION_SLOT~-nn+renewable~dep+*extend*DATE~num+NUMBER_SLOT']	2880.54	1.03522149074e-06	htmlPages2textPARSEDALL/http:||www.orkii.com|trinidad-and-tobago|freshwater-internal-renewable-per-capita.json
<location>Tunisia</location> Renewable internal freshwater resources per capita -LRB- cubic meters -RRB- 2011 : <number>393.02</number> , Cubic meters	Tunisia	Tunisia	renewable_freshwater_per_capita	393.018419	3	[u'LOCATION_SLOT~-nn+renewable~dep+NUMBER_SLOT', u'*extend*meters~appos+LOCATION_SLOT~-nn+renewable~dep+NUMBER_SLOT', u'LOCATION_SLOT~-nn+renewable~dep+*extend*DATE~num+NUMBER_SLOT']	393.02	4.02271222812e-06	htmlPages2textPARSEDALL/http:||www.orkii.com|tunisia|freshwater-internal-renewable-per-capita.json
<location>Turkmenistan</location> Renewable internal freshwater resources per capita -LRB- cubic meters -RRB- 2011 : <number>275.13</number> , Cubic meters	Turkmenistan	Turkmenistan	renewable_freshwater_per_capita	275.130476	3	[u'LOCATION_SLOT~-nn+renewable~dep+NUMBER_SLOT', u'*extend*meters~appos+LOCATION_SLOT~-nn+renewable~dep+NUMBER_SLOT', u'LOCATION_SLOT~-nn+renewable~dep+*extend*DATE~num+NUMBER_SLOT']	275.13	1.73008823636e-06	htmlPages2textPARSEDALL/http:||www.orkii.com|turkmenistan|freshwater-internal-renewable-per-capita.json
<location>Uganda</location> Renewable internal freshwater resources per capita -LRB- cubic meters -RRB- 2011 : <number>1,109.59</number> , Cubic meters	Uganda	Uganda	renewable_freshwater_per_capita	1109.591698	3	[u'LOCATION_SLOT~-nn+renewable~dep+NUMBER_SLOT', u'*extend*meters~appos+LOCATION_SLOT~-nn+renewable~dep+NUMBER_SLOT', u'LOCATION_SLOT~-nn+renewable~dep+*extend*DATE~num+NUMBER_SLOT']	1109.59	1.53029263205e-06	htmlPages2textPARSEDALL/http:||www.orkii.com|uganda|freshwater-internal-renewable-per-capita.json
<location>Ukraine</location> Renewable internal freshwater resources per capita -LRB- cubic meters -RRB- 2011 : <number>1,161.77</number> , Cubic meters	Ukraine	Ukraine	renewable_freshwater_per_capita	1161.77053	3	[u'LOCATION_SLOT~-nn+renewable~dep+NUMBER_SLOT', u'*extend*meters~appos+LOCATION_SLOT~-nn+renewable~dep+NUMBER_SLOT', u'LOCATION_SLOT~-nn+renewable~dep+*extend*DATE~num+NUMBER_SLOT']	1161.77	4.56200244661e-07	htmlPages2textPARSEDALL/http:||www.orkii.com|ukraine|freshwater-internal-renewable-per-capita.json
<location>United States</location> Renewable internal freshwater resources per capita -LRB- cubic meters -RRB- 2011 : <number>9,044.00</number> , Cubic meters	United States	United States of America	renewable_freshwater_per_capita	9043.999333	8	[u'LOCATION_SLOT~-nn+renewable~dep+NUMBER_SLOT', u'LOCATION_SLOT~-nn+renewable~dep+*extend*resources~dep+NUMBER_SLOT', u'*extend*meters~appos+LOCATION_SLOT~-nn+renewable~dep+NUMBER_SLOT', u'LOCATION_SLOT~-nn+renewable~dep+*extend*DATE~num+NUMBER_SLOT', u'LOCATION_SLOT~-nn+renewable~dep+NUMBER_SLOT', u'LOCATION_SLOT~-nn+renewable~dep+*extend*resources~dep+NUMBER_SLOT', u'*extend*meters~appos+LOCATION_SLOT~-nn+renewable~dep+NUMBER_SLOT', u'LOCATION_SLOT~-nn+renewable~dep+*extend*DATE~num+NUMBER_SLOT']	9044.0	7.37505583194e-08	htmlPages2textPARSEDALL/http:||www.orkii.com|united-states|freshwater-internal-renewable-per-capita.json
<location>Uzbekistan</location> Renewable internal freshwater resources per capita -LRB- cubic meters -RRB- 2011 : <number>556.90</number> , Cubic meters	Uzbekistan	Uzbekistan	renewable_freshwater_per_capita	556.895156	3	[u'LOCATION_SLOT~-nn+renewable~dep+NUMBER_SLOT', u'*extend*meters~appos+LOCATION_SLOT~-nn+renewable~dep+NUMBER_SLOT', u'LOCATION_SLOT~-nn+renewable~dep+*extend*DATE~num+NUMBER_SLOT']	556.9	8.69822613421e-06	htmlPages2textPARSEDALL/http:||www.orkii.com|uzbekistan|freshwater-internal-renewable-per-capita.json
<location>Venezuela</location> Renewable internal freshwater resources per capita -LRB- cubic meters -RRB- 2011 : <number>24,487.62</number> , Cubic meters	Venezuela	Venezuela	renewable_freshwater_per_capita	24487.616788	3	[u'LOCATION_SLOT~-nn+renewable~dep+NUMBER_SLOT', u'*extend*meters~appos+LOCATION_SLOT~-nn+renewable~dep+NUMBER_SLOT', u'LOCATION_SLOT~-nn+renewable~dep+*extend*DATE~num+NUMBER_SLOT']	24487.62	1.31168338162e-07	htmlPages2textPARSEDALL/http:||www.orkii.com|venezuela|freshwater-internal-renewable-per-capita.json
<location>Yemen</location> Renewable internal freshwater resources per capita -LRB- cubic meters -RRB- 2011 : <number>90.11</number> , Cubic meters	Yemen	Yemen	renewable_freshwater_per_capita	90.112489	3	[u'LOCATION_SLOT~-nn+renewable~dep+NUMBER_SLOT', u'*extend*meters~appos+LOCATION_SLOT~-nn+renewable~dep+NUMBER_SLOT', u'LOCATION_SLOT~-nn+renewable~dep+*extend*DATE~num+NUMBER_SLOT']	90.11	2.76210326406e-05	htmlPages2textPARSEDALL/http:||www.orkii.com|yemen|freshwater-internal-renewable-per-capita.json
<location>Zambia</location> Renewable internal freshwater resources per capita -LRB- cubic meters -RRB- 2011 : <number>5,882.44</number> , Cubic meters	Zambia	Zambia	renewable_freshwater_per_capita	5882.440958	3	[u'LOCATION_SLOT~-nn+renewable~dep+NUMBER_SLOT', u'*extend*meters~appos+LOCATION_SLOT~-nn+renewable~dep+NUMBER_SLOT', u'LOCATION_SLOT~-nn+renewable~dep+*extend*DATE~num+NUMBER_SLOT']	5882.44	1.62857563276e-07	htmlPages2textPARSEDALL/http:||www.orkii.com|zambia|freshwater-internal-renewable-per-capita.json
<location>Zimbabwe</location> Renewable internal freshwater resources per capita -LRB- cubic meters -RRB- 2011 : <number>917.75</number> , Cubic meters	Zimbabwe	Zimbabwe	renewable_freshwater_per_capita	917.751362	3	[u'LOCATION_SLOT~-nn+renewable~dep+NUMBER_SLOT', u'*extend*meters~appos+LOCATION_SLOT~-nn+renewable~dep+NUMBER_SLOT', u'LOCATION_SLOT~-nn+renewable~dep+*extend*DATE~num+NUMBER_SLOT']	917.75	1.48406208519e-06	htmlPages2textPARSEDALL/http:||www.orkii.com|zimbabwe|freshwater-internal-renewable-per-capita.json
